ntasks,algo,freq,total_time_s,task_id,work_time_s,switch_time_s,load_balancer_time_s
2,hilbert,125,89.668686,1,78.324952,11.20686,0.094105
2,hilbert,125,89.668686,0,88.0892,1.401779,0.00602
2,hilbert,250,89.243732,0,87.431227,1.534326,0.005196
2,hilbert,250,89.243732,1,78.859036,10.298364,0.04155
2,hilbert,500,90.37871,1,77.904824,12.399189,0.031071
2,hilbert,500,90.37871,0,88.674765,1.448334,0.005508
2,gilbert,125,88.931353,0,86.873302,1.724124,0.025463
2,gilbert,125,88.931353,1,78.910014,9.888129,0.088006
2,gilbert,250,89.030617,1,78.896698,10.03023,0.05879
2,gilbert,250,89.030617,0,87.095141,1.612536,0.027295
2,gilbert,500,89.834126,1,78.128238,11.615216,0.04664
2,gilbert,500,89.834126,0,88.053761,1.483015,0.03243
2,rcb,125,85.859932,0,84.409705,1.282197,0.001714
2,rcb,125,85.859932,1,81.115307,4.679864,0.025695
2,rcb,250,86.597055,0,85.163212,1.265793,0.001551
2,rcb,250,86.597055,1,80.325139,6.205195,0.027084
2,rcb,500,88.983323,1,78.648816,10.274558,0.018798
2,rcb,500,88.983323,0,87.588461,1.22623,0.001662
2,rcbincr,125,86.319307,0,84.909552,1.241065,0.001788
2,rcbincr,125,86.319307,1,81.129752,5.125178,0.025434
2,rcbincr,250,86.77451,0,85.362262,1.243555,0.002035
2,rcbincr,250,86.77451,1,80.244607,6.465908,0.024517
2,rcbincr,500,89.797212,0,88.374767,1.253803,0.001677
2,rcbincr,500,89.797212,1,78.686862,11.047863,0.021674
4,hilbert,125,48.695955,3,39.965231,8.587922,0.057922
4,hilbert,125,48.695955,2,38.620846,9.960423,0.070833
4,hilbert,125,48.695955,1,40.706111,7.881159,0.051911
4,hilbert,125,48.695955,0,45.56244,2.88552,0.012971
4,hilbert,250,50.19605,1,39.666475,10.449219,0.036219
4,hilbert,250,50.19605,3,38.890166,11.190909,0.039214
4,hilbert,250,50.19605,0,47.217158,2.749859,0.007085
4,hilbert,250,50.19605,2,38.874245,11.233478,0.043849
4,hilbert,500,54.431262,2,42.705825,11.645743,0.030546
4,hilbert,500,54.431262,0,51.642819,2.531127,0.011062
4,hilbert,500,54.431262,3,34.251327,20.05449,0.046206
4,hilbert,500,54.431262,1,36.395368,17.91722,0.042048
4,gilbert,125,48.569198,3,38.27511,10.08294,0.11071
4,gilbert,125,48.569198,1,41.912546,6.495995,0.079299
4,gilbert,125,48.569198,2,42.200673,6.24587,0.076935
4,gilbert,125,48.569198,0,42.586432,5.603456,0.075557
4,gilbert,250,51.298357,2,41.721454,9.467856,0.061666
4,gilbert,250,51.298357,0,44.648163,6.296049,0.051083
4,gilbert,250,51.298357,3,36.632966,14.490887,0.081382
4,gilbert,250,51.298357,1,41.618798,9.526559,0.05937
4,gilbert,500,54.45722,2,44.672042,9.684661,0.051013
4,gilbert,500,54.45722,1,37.754621,16.560669,0.062928
4,gilbert,500,54.45722,3,32.793821,21.494871,0.075454
4,gilbert,500,54.45722,0,49.290766,4.853626,0.04029
4,rcb,125,56.815559,0,54.439026,2.232306,0.01102
4,rcb,125,56.815559,3,31.445357,25.13751,0.193522
4,rcb,125,56.815559,1,29.137951,27.424475,0.212266
4,rcb,125,56.815559,2,49.485727,7.23615,0.048717
4,rcb,250,58.227686,0,55.859515,2.230234,0.005042
4,rcb,250,58.227686,2,49.787401,8.360224,0.033967
4,rcb,250,58.227686,3,30.213752,27.860664,0.1128
4,rcb,250,58.227686,1,28.427628,29.637972,0.119848
4,rcb,500,61.313312,3,27.439013,33.761817,0.069411
4,rcb,500,61.313312,1,27.009847,34.18797,0.070152
4,rcb,500,61.313312,0,58.969489,2.20946,0.002624
4,rcb,500,61.313312,2,50.747997,10.497233,0.019702
4,rcbincr,125,56.46518,0,54.091421,2.228574,0.011806
4,rcbincr,125,56.46518,1,29.134056,27.077878,0.212639
4,rcbincr,125,56.46518,2,49.217547,7.151702,0.050236
4,rcbincr,125,56.46518,3,31.536878,24.696217,0.193195
4,rcbincr,250,58.667047,3,29.118871,29.391994,0.114443
4,rcbincr,250,58.667047,2,49.342912,9.245167,0.032645
4,rcbincr,250,58.667047,1,29.662912,28.848363,0.112012
4,rcbincr,250,58.667047,0,56.315262,2.212394,0.005735
4,rcbincr,500,61.090009,0,58.75703,2.200172,0.002853
4,rcbincr,500,61.090009,3,27.505575,33.474517,0.067216
4,rcbincr,500,61.090009,2,50.862712,10.161219,0.017894
4,rcbincr,500,61.090009,1,27.051943,33.926122,0.068
8,hilbert,125,29.469282,1,20.536015,8.692128,0.057032
8,hilbert,125,29.469282,7,17.732373,11.496152,0.080524
8,hilbert,125,29.469282,2,20.936746,8.295016,0.055153
8,hilbert,125,29.469282,0,24.182129,5.01943,0.029891
8,hilbert,125,29.469282,4,20.682333,8.573014,0.060557
8,hilbert,125,29.469282,3,19.948745,9.379756,0.063221
8,hilbert,125,29.469282,6,20.736413,8.507464,0.056482
8,hilbert,125,29.469282,5,20.142211,9.189236,0.061516
8,hilbert,250,32.262106,7,17.556283,14.474828,0.059677
8,hilbert,250,32.262106,0,27.088267,4.906749,0.02255
8,hilbert,250,32.262106,3,18.573811,13.507729,0.056279
8,hilbert,250,32.262106,2,20.677094,11.362852,0.046703
8,hilbert,250,32.262106,6,19.671818,12.366226,0.05089
8,hilbert,250,32.262106,5,18.937721,13.175501,0.054825
8,hilbert,250,32.262106,4,23.557467,8.560853,0.039221
8,hilbert,250,32.262106,1,19.339622,12.693163,0.051594
8,hilbert,500,39.59062,5,16.271088,23.18558,0.050289
8,hilbert,500,39.59062,2,20.401763,18.978044,0.041193
8,hilbert,500,39.59062,7,15.808606,23.563191,0.050722
8,hilbert,500,39.59062,3,15.863212,23.554959,0.051111
8,hilbert,500,39.59062,6,18.600362,20.779281,0.045011
8,hilbert,500,39.59062,1,17.695726,21.677808,0.046235
8,hilbert,500,39.59062,4,26.312048,13.143477,0.031763
8,hilbert,500,39.59062,0,33.92996,5.425573,0.014016
8,gilbert,125,30.054357,0,24.065107,5.551292,0.141758
8,gilbert,125,30.054357,2,20.420261,9.264177,0.169419
8,gilbert,125,30.054357,6,20.555774,9.131178,0.174281
8,gilbert,125,30.054357,7,17.990691,11.706309,0.189486
8,gilbert,125,30.054357,4,23.345983,6.508497,0.148362
8,gilbert,125,30.054357,5,19.899125,9.815958,0.172656
8,gilbert,125,30.054357,1,19.261595,10.419778,0.179623
8,gilbert,125,30.054357,3,20.170889,9.563908,0.169899
8,gilbert,250,32.488383,4,24.447671,7.89748,0.087095
8,gilbert,250,32.488383,3,19.701731,12.526106,0.101361
8,gilbert,250,32.488383,5,19.052576,13.174542,0.104884
8,gilbert,250,32.488383,6,19.181367,13.015401,0.105473
8,gilbert,250,32.488383,1,18.103908,14.08636,0.110489
8,gilbert,250,32.488383,0,27.184889,4.945709,0.07355
8,gilbert,250,32.488383,7,16.894944,15.31344,0.1149
8,gilbert,250,32.488383,2,20.278162,11.916066,0.101041
8,gilbert,500,39.781307,2,19.883075,19.647538,0.068538
8,gilbert,500,39.781307,6,17.465175,22.06835,0.073411
8,gilbert,500,39.781307,0,33.77144,5.707015,0.039131
8,gilbert,500,39.781307,5,17.358987,22.197357,0.072662
8,gilbert,500,39.781307,3,18.042503,21.514324,0.07048
8,gilbert,500,39.781307,4,27.584666,12.07654,0.054116
8,gilbert,500,39.781307,7,14.771375,24.769367,0.078714
8,gilbert,500,39.781307,1,15.751321,23.77477,0.0769
8,rcb,125,40.804104,3,10.067519,30.394734,0.231933
8,rcb,125,40.804104,6,20.186139,20.325147,0.151272
8,rcb,125,40.804104,2,18.941528,21.558142,0.161071
8,rcb,125,40.804104,5,15.692604,24.811474,0.186846
8,rcb,125,40.804104,7,11.17448,29.3143,0.222949
8,rcb,125,40.804104,1,16.739544,23.768503,0.17846
8,rcb,125,40.804104,4,33.445306,7.159564,0.043187
8,rcb,125,40.804104,0,37.253519,3.361586,0.012782
8,rcb,250,44.015288,3,9.515731,34.285566,0.133023
8,rcb,250,44.015288,5,14.868902,28.903216,0.111444
8,rcb,250,44.015288,6,19.766709,24.010214,0.09172
8,rcb,250,44.015288,7,10.559618,33.223201,0.128853
8,rcb,250,44.015288,1,15.791849,27.990095,0.107692
8,rcb,250,44.015288,2,18.988422,24.782523,0.095107
8,rcb,250,44.015288,0,40.433477,3.401592,0.006643
8,rcb,250,44.015288,4,34.757267,9.065307,0.031718
8,rcb,500,48.587027,4,37.63907,10.772246,0.019391
8,rcb,500,48.587027,2,18.622855,29.759226,0.05914
8,rcb,500,48.587027,5,12.998524,35.394152,0.07018
8,rcb,500,48.587027,7,9.204597,39.1937,0.07798
8,rcb,500,48.587027,6,18.261792,30.122909,0.059914
8,rcb,500,48.587027,3,8.349881,40.069707,0.079607
8,rcb,500,48.587027,1,13.766494,34.626448,0.068586
8,rcb,500,48.587027,0,45.054369,3.356708,0.003349
8,rcbincr,125,41.390525,5,15.582794,25.505388,0.191666
8,rcbincr,125,41.390525,7,10.989176,30.08059,0.22839
8,rcbincr,125,41.390525,3,10.271562,30.77429,0.234234
8,rcbincr,125,41.390525,6,19.878959,21.215117,0.157393
8,rcbincr,125,41.390525,1,16.808161,24.28555,0.181604
8,rcbincr,125,41.390525,4,33.602766,7.586948,0.046796
8,rcbincr,125,41.390525,2,19.391117,21.696893,0.161569
8,rcbincr,125,41.390525,0,37.827139,3.372679,0.014105
8,rcbincr,250,43.597378,7,10.531259,32.848653,0.129633
8,rcbincr,250,43.597378,3,9.54563,33.816886,0.133358
8,rcbincr,250,43.597378,6,19.57324,23.765444,0.093109
8,rcbincr,250,43.597378,2,18.915914,24.428162,0.096061
8,rcbincr,250,43.597378,4,34.739179,8.657047,0.032025
8,rcbincr,250,43.597378,5,14.798334,28.547668,0.112228
8,rcbincr,250,43.597378,1,15.74975,27.605636,0.108312
8,rcbincr,250,43.597378,0,40.039872,3.382236,0.007041
8,rcbincr,500,48.86591,5,12.931051,35.749074,0.070554
8,rcbincr,500,48.86591,4,37.666936,11.030118,0.019543
8,rcbincr,500,48.86591,7,9.227008,39.460344,0.07815
8,rcbincr,500,48.86591,1,13.74817,34.930845,0.06883
8,rcbincr,500,48.86591,6,18.201106,30.466274,0.060189
8,rcbincr,500,48.86591,0,45.334525,3.353142,0.003646
8,rcbincr,500,48.86591,2,18.712712,29.955106,0.059186
8,rcbincr,500,48.86591,3,8.346639,40.325159,0.079786
16,hilbert,125,21.465439,0,11.043118,10.01957,0.063408
16,hilbert,125,21.465439,15,6.454713,14.549994,0.099795
16,hilbert,125,21.465439,2,10.182812,10.89698,0.068209
16,hilbert,125,21.465439,10,10.225568,10.888839,0.069678
16,hilbert,125,21.465439,8,12.511488,8.630128,0.05269
16,hilbert,125,21.465439,5,10.865421,10.158242,0.064781
16,hilbert,125,21.465439,6,9.854783,11.155419,0.07168
16,hilbert,125,21.465439,9,10.212108,10.946556,0.070938
16,hilbert,125,21.465439,1,13.135754,7.981324,0.046703
16,hilbert,125,21.465439,13,9.965472,11.060063,0.070562
16,hilbert,125,21.465439,11,9.820304,11.173746,0.072213
16,hilbert,125,21.465439,12,10.389523,10.626487,0.067189
16,hilbert,125,21.465439,7,10.355982,10.801543,0.069385
16,hilbert,125,21.465439,3,10.107586,10.941173,0.070086
16,hilbert,125,21.465439,4,10.095148,10.983527,0.06974
16,hilbert,125,21.465439,14,10.146292,10.902557,0.068556
16,hilbert,250,24.035869,15,5.675748,17.937657,0.064167
16,hilbert,250,24.035869,14,9.846396,13.787861,0.04649
16,hilbert,250,24.035869,6,9.437997,14.166733,0.048701
16,hilbert,250,24.035869,12,10.364434,13.249595,0.044798
16,hilbert,250,24.035869,8,14.416688,9.303977,0.031125
16,hilbert,250,24.035869,7,9.739057,14.018485,0.048287
16,hilbert,250,24.035869,11,9.374342,14.219386,0.049407
16,hilbert,250,24.035869,1,15.798787,7.909531,0.023507
16,hilbert,250,24.035869,5,11.28194,12.370002,0.04185
16,hilbert,250,24.035869,9,9.351876,14.376793,0.050845
16,hilbert,250,24.035869,10,9.611564,14.083588,0.048334
16,hilbert,250,24.035869,13,9.620155,14.002245,0.04773
16,hilbert,250,24.035869,4,9.633199,14.040882,0.047494
16,hilbert,250,24.035869,2,9.944541,13.735544,0.046081
16,hilbert,250,24.035869,3,9.643524,14.000628,0.047969
16,hilbert,250,24.035869,0,11.572296,12.083827,0.041104
16,hilbert,500,29.825789,14,8.9964,20.449357,0.038658
16,hilbert,500,29.825789,6,8.188002,21.232855,0.041036
16,hilbert,500,29.825789,2,9.173731,20.310019,0.038203
16,hilbert,500,29.825789,3,8.578181,20.870597,0.040212
16,hilbert,500,29.825789,9,7.738838,21.76617,0.04324
16,hilbert,500,29.825789,11,7.98241,21.410908,0.041454
16,hilbert,500,29.825789,0,12.676373,16.778463,0.032248
16,hilbert,500,29.825789,5,11.768224,17.686637,0.034121
16,hilbert,500,29.825789,10,8.24627,21.281098,0.041089
16,hilbert,500,29.825789,13,8.492731,20.937442,0.040113
16,hilbert,500,29.825789,12,10.275422,19.151659,0.036538
16,hilbert,500,29.825789,7,8.307967,21.230571,0.041416
16,hilbert,500,29.825789,15,5.397305,24.040414,0.047167
16,hilbert,500,29.825789,4,8.808056,20.670602,0.039111
16,hilbert,500,29.825789,8,18.749874,10.776869,0.020459
16,hilbert,500,29.825789,1,21.65872,7.855604,0.012568
16,gilbert,125,21.951005,3,9.789327,11.648276,0.175369
16,gilbert,125,21.951005,2,9.88707,11.55332,0.173788
16,gilbert,125,21.951005,7,10.040055,11.425677,0.172461
16,gilbert,125,21.951005,13,9.751561,11.619369,0.174335
16,gilbert,125,21.951005,4,9.906903,11.543867,0.173631
16,gilbert,125,21.951005,10,10.382613,11.050846,0.16871
16,gilbert,125,21.951005,8,12.474192,8.995171,0.153508
16,gilbert,125,21.951005,6,10.462857,10.987969,0.167686
16,gilbert,125,21.951005,12,10.351787,11.069571,0.169588
16,gilbert,125,21.951005,0,11.102136,10.338524,0.166428
16,gilbert,125,21.951005,1,12.992568,8.520303,0.149421
16,gilbert,125,21.951005,9,11.115479,10.575942,0.166422
16,gilbert,125,21.951005,15,6.626686,14.787793,0.200065
16,gilbert,125,21.951005,5,10.83443,10.570943,0.166564
16,gilbert,125,21.951005,11,9.915496,11.49053,0.173494
16,gilbert,125,21.951005,14,9.83042,11.558577,0.173455
16,gilbert,250,24.371027,0,11.62719,12.305829,0.09566
16,gilbert,250,24.371027,9,10.071721,14.094538,0.099634
16,gilbert,250,24.371027,12,10.246515,13.673449,0.096669
16,gilbert,250,24.371027,13,9.122597,14.748503,0.101498
16,gilbert,250,24.371027,15,6.225508,17.716354,0.113281
16,gilbert,250,24.371027,10,10.098352,13.862107,0.097111
16,gilbert,250,24.371027,7,9.475418,14.488286,0.100147
16,gilbert,250,24.371027,8,14.761716,9.20627,0.079531
16,gilbert,250,24.371027,11,9.410953,14.482452,0.100328
16,gilbert,250,24.371027,1,15.674487,8.340211,0.07529
16,gilbert,250,24.371027,5,11.216909,12.68865,0.093023
16,gilbert,250,24.371027,14,9.292574,14.596556,0.100425
16,gilbert,250,24.371027,3,9.185455,14.753176,0.101652
16,gilbert,250,24.371027,2,9.313579,14.620036,0.100721
16,gilbert,250,24.371027,4,9.471543,14.478938,0.099911
16,gilbert,250,24.371027,6,10.335222,13.621786,0.094679
16,gilbert,500,30.443217,6,9.797673,20.256714,0.062517
16,gilbert,500,30.443217,13,7.847614,22.163856,0.068303
16,gilbert,500,30.443217,10,9.424984,20.622409,0.064021
16,gilbert,500,30.443217,9,8.093554,22.144007,0.069277
16,gilbert,500,30.443217,7,8.340255,21.730226,0.067175
16,gilbert,500,30.443217,8,19.531645,10.550157,0.044514
16,gilbert,500,30.443217,1,21.202658,8.923036,0.039848
16,gilbert,500,30.443217,0,12.765301,17.28001,0.057391
16,gilbert,500,30.443217,11,8.350212,21.66411,0.067139
16,gilbert,500,30.443217,12,10.030386,20.018398,0.063756
16,gilbert,500,30.443217,3,7.930452,22.119087,0.068248
16,gilbert,500,30.443217,15,5.254432,24.782646,0.073381
16,gilbert,500,30.443217,5,12.053983,17.964591,0.059783
16,gilbert,500,30.443217,4,8.319873,21.742573,0.067312
16,gilbert,500,30.443217,2,8.004223,22.04384,0.068383
16,gilbert,500,30.443217,14,8.125654,21.875218,0.067237
16,rcb,125,29.943216,3,0.686683,28.774106,0.208208
16,rcb,125,29.943216,13,8.352495,21.120496,0.147736
16,rcb,125,29.943216,15,1.536808,27.964269,0.201016
16,rcb,125,29.943216,12,11.860829,17.652506,0.116964
16,rcb,125,29.943216,11,0.736938,28.729748,0.20775
16,rcb,125,29.943216,5,9.066161,20.432919,0.142179
16,rcb,125,29.943216,9,14.354186,15.185227,0.097754
16,rcb,125,29.943216,6,8.71957,20.755081,0.143295
16,rcb,125,29.943216,10,14.992977,14.533671,0.091605
16,rcb,125,29.943216,2,16.749535,12.821199,0.068851
16,rcb,125,29.943216,1,16.642338,12.920699,0.079911
16,rcb,125,29.943216,14,9.62981,19.864256,0.136033
16,rcb,125,29.943216,7,1.362381,28.156896,0.202837
16,rcb,125,29.943216,0,20.757589,8.81013,0.046819
16,rcb,125,29.943216,8,19.405447,10.170131,0.057508
16,rcb,125,29.943216,4,9.972378,19.54393,0.132251
16,rcb,250,32.038965,5,9.747983,21.90979,0.071904
16,rcb,250,32.038965,2,15.472373,16.220029,0.047361
16,rcb,250,32.038965,3,0.564577,31.077755,0.107728
16,rcb,250,32.038965,9,13.300037,18.372125,0.056157
16,rcb,250,32.038965,15,1.382998,30.297786,0.104267
16,rcb,250,32.038965,8,21.43451,10.273222,0.023382
16,rcb,250,32.038965,7,1.250022,30.437381,0.104962
16,rcb,250,32.038965,0,21.279945,10.404373,0.024888
16,rcb,250,32.038965,10,13.987993,17.692335,0.053302
16,rcb,250,32.038965,1,19.169569,12.53891,0.032602
16,rcb,250,32.038965,14,8.788324,22.858593,0.074455
16,rcb,250,32.038965,12,11.438009,20.207116,0.062749
16,rcb,250,32.038965,6,8.650455,22.994306,0.074899
16,rcb,250,32.038965,13,7.446843,24.186089,0.080766
16,rcb,250,32.038965,4,9.88407,21.793445,0.068651
16,rcb,250,32.038965,11,0.60959,31.020147,0.107487
16,rcb,500,36.425387,8,25.516875,10.595259,0.012385
16,rcb,500,36.425387,14,8.00677,28.061145,0.048901
16,rcb,500,36.425387,9,12.342674,23.724719,0.040123
16,rcb,500,36.425387,11,0.555902,35.512236,0.064039
16,rcb,500,36.425387,3,0.506293,35.58172,0.06418
16,rcb,500,36.425387,5,9.873038,26.213597,0.046455
16,rcb,500,36.425387,1,23.760298,12.357988,0.015964
16,rcb,500,36.425387,13,6.313764,29.737649,0.053444
16,rcb,500,36.425387,7,1.092493,35.038258,0.063021
16,rcb,500,36.425387,15,1.224494,34.888532,0.062636
16,rcb,500,36.425387,2,13.26952,22.822974,0.038037
16,rcb,500,36.425387,12,11.965958,24.098683,0.039995
16,rcb,500,36.425387,6,7.270003,28.80517,0.050307
16,rcb,500,36.425387,0,21.153444,14.919721,0.022627
16,rcb,500,36.425387,10,12.403515,23.673217,0.039783
16,rcb,500,36.425387,4,8.856673,27.234058,0.046103
16,rcbincr,125,29.497298,4,9.990059,19.092712,0.119656
16,rcbincr,125,29.497298,1,17.001428,12.130638,0.064647
16,rcbincr,125,29.497298,14,9.462081,19.591679,0.124854
16,rcbincr,125,29.497298,6,8.894455,20.168484,0.129613
16,rcbincr,125,29.497298,7,1.369021,27.711782,0.190389
16,rcbincr,125,29.497298,0,20.770554,8.363784,0.033752
16,rcbincr,125,29.497298,9,14.241332,14.860314,0.086635
16,rcbincr,125,29.497298,5,9.316409,19.746546,0.127741
16,rcbincr,125,29.497298,10,14.862705,14.233445,0.081098
16,rcbincr,125,29.497298,8,19.408364,9.733601,0.045288
16,rcbincr,125,29.497298,2,16.158606,12.964422,0.071156
16,rcbincr,125,29.497298,13,8.189559,20.84952,0.136454
16,rcbincr,125,29.497298,12,11.7632,17.29489,0.105367
16,rcbincr,125,29.497298,3,0.689735,28.338334,0.195877
16,rcbincr,125,29.497298,11,0.735589,28.275965,0.195242
16,rcbincr,125,29.497298,15,1.536957,27.529942,0.188663
16,rcbincr,250,32.019254,0,21.257195,10.409461,0.02351
16,rcbincr,250,32.019254,9,13.288353,18.352727,0.056643
16,rcbincr,250,32.019254,6,8.646981,22.997388,0.075254
16,rcbincr,250,32.019254,5,9.752851,21.902515,0.072377
16,rcbincr,250,32.019254,8,21.421263,10.267835,0.024027
16,rcbincr,250,32.019254,12,11.444339,20.196505,0.063179
16,rcbincr,250,32.019254,13,7.429304,24.187655,0.08116
16,rcbincr,250,32.019254,14,8.786494,22.84622,0.074845
16,rcbincr,250,32.019254,7,1.249092,30.442589,0.105402
16,rcbincr,250,32.019254,3,0.563396,31.071457,0.108131
16,rcbincr,250,32.019254,2,15.469757,16.203846,0.047573
16,rcbincr,250,32.019254,1,19.166068,12.523608,0.033058
16,rcbincr,250,32.019254,10,14.013747,17.627455,0.053385
16,rcbincr,250,32.019254,11,0.609238,31.02789,0.107873
16,rcbincr,250,32.019254,4,9.873899,21.784494,0.069255
16,rcbincr,250,32.019254,15,1.383278,30.29073,0.104658
16,rcbincr,500,36.476485,8,25.652916,10.512083,0.012388
16,rcbincr,500,36.476485,1,23.95831,12.212553,0.015667
16,rcbincr,500,36.476485,15,1.225637,34.939266,0.062922
16,rcbincr,500,36.476485,2,13.315464,22.829252,0.038147
16,rcbincr,500,36.476485,7,1.092399,35.064278,0.063225
16,rcbincr,500,36.476485,9,12.30119,23.83457,0.040534
16,rcbincr,500,36.476485,10,12.445853,23.677308,0.039902
16,rcbincr,500,36.476485,4,8.841656,27.301764,0.04644
16,rcbincr,500,36.476485,5,9.875429,26.257052,0.046734
16,rcbincr,500,36.476485,0,21.076721,15.048186,0.023013
16,rcbincr,500,36.476485,13,6.313991,29.793545,0.053738
16,rcbincr,500,36.476485,3,0.505887,35.63819,0.064466
16,rcbincr,500,36.476485,6,7.272477,28.838068,0.050548
16,rcbincr,500,36.476485,14,8.002027,28.121512,0.049215
16,rcbincr,500,36.476485,11,0.555193,35.565887,0.064314
16,rcbincr,500,36.476485,12,11.955262,24.156791,0.040275
32,hilbert,125,23.164279,20,5.083553,17.228081,0.069538
32,hilbert,125,23.164279,28,5.228767,17.034987,0.067516
32,hilbert,125,23.164279,12,5.041338,17.300931,0.069794
32,hilbert,125,23.164279,22,5.091737,17.185078,0.068911
32,hilbert,125,23.164279,9,5.084434,17.284752,0.070055
32,hilbert,125,23.164279,25,5.020964,17.291255,0.070146
32,hilbert,125,23.164279,3,6.561779,15.817247,0.058189
32,hilbert,125,23.164279,11,5.025626,17.333852,0.070723
32,hilbert,125,23.164279,7,5.144251,17.192296,0.06969
32,hilbert,125,23.164279,21,5.105295,17.184077,0.069772
32,hilbert,125,23.164279,0,5.85188,16.493448,0.06397
32,hilbert,125,23.164279,13,5.063461,17.260155,0.070313
32,hilbert,125,23.164279,10,5.952752,16.371009,0.062677
32,hilbert,125,23.164279,15,5.601116,16.900082,0.066522
32,hilbert,125,23.164279,24,5.632739,16.635224,0.064429
32,hilbert,125,23.164279,30,2.92332,19.365139,0.086891
32,hilbert,125,23.164279,2,6.782018,15.659624,0.057088
32,hilbert,125,23.164279,18,4.961606,17.386927,0.071159
32,hilbert,125,23.164279,27,5.095241,17.16143,0.069342
32,hilbert,125,23.164279,14,5.081702,17.274959,0.070473
32,hilbert,125,23.164279,26,5.119177,17.174253,0.069133
32,hilbert,125,23.164279,17,6.315326,15.999318,0.060347
32,hilbert,125,23.164279,1,5.349915,17.048271,0.068596
32,hilbert,125,23.164279,5,5.455162,16.942842,0.066705
32,hilbert,125,23.164279,16,6.407211,16.041883,0.060972
32,hilbert,125,23.164279,29,5.153113,17.100615,0.068656
32,hilbert,125,23.164279,23,5.048076,17.235173,0.070216
32,hilbert,125,23.164279,8,5.001042,17.392993,0.070485
32,hilbert,125,23.164279,6,5.116398,17.235998,0.068581
32,hilbert,125,23.164279,4,5.113095,17.277462,0.069659
32,hilbert,125,23.164279,19,5.919075,16.648476,0.064607
32,hilbert,125,23.164279,31,0.069953,20.62507,0.097119
32,hilbert,250,24.293418,22,4.795645,18.68574,0.040585
32,hilbert,250,24.293418,25,4.913143,18.582291,0.040247
32,hilbert,250,24.293418,15,5.080547,18.560941,0.040321
32,hilbert,250,24.293418,14,4.783477,18.768287,0.041187
32,hilbert,250,24.293418,26,4.840182,18.623002,0.040304
32,hilbert,250,24.293418,27,4.971074,18.443526,0.039928
32,hilbert,250,24.293418,16,7.454452,16.158103,0.031976
32,hilbert,250,24.293418,21,4.796597,18.642803,0.040904
32,hilbert,250,24.293418,9,4.900337,18.627742,0.040516
32,hilbert,250,24.293418,13,4.734576,18.744996,0.041366
32,hilbert,250,24.293418,29,5.002907,18.418819,0.039717
32,hilbert,250,24.293418,3,7.885722,15.661218,0.028603
32,hilbert,250,24.293418,4,4.819607,18.731362,0.040757
32,hilbert,250,24.293418,23,4.711294,18.710839,0.041178
32,hilbert,250,24.293418,18,4.5225,18.959597,0.04247
32,hilbert,250,24.293418,1,5.560673,18.005209,0.038383
32,hilbert,250,24.293418,30,2.504272,20.945338,0.049926
32,hilbert,250,24.293418,2,8.115747,15.496594,0.027961
32,hilbert,250,24.293418,24,5.85992,17.597655,0.036094
32,hilbert,250,24.293418,10,6.637639,16.891586,0.033503
32,hilbert,250,24.293418,31,0.03083,21.746461,0.052884
32,hilbert,250,24.293418,7,4.826947,18.637037,0.040653
32,hilbert,250,24.293418,17,7.227656,16.254907,0.031462
32,hilbert,250,24.293418,6,5.012362,18.513787,0.039644
32,hilbert,250,24.293418,8,4.836929,18.725828,0.040462
32,hilbert,250,24.293418,0,6.201075,17.305911,0.035542
32,hilbert,250,24.293418,19,5.512867,18.245561,0.03899
32,hilbert,250,24.293418,5,5.341146,18.223612,0.038313
32,hilbert,250,24.293418,11,4.799371,18.72164,0.041277
32,hilbert,250,24.293418,12,4.803285,18.694096,0.040793
32,hilbert,250,24.293418,28,5.135609,18.325645,0.038424
32,hilbert,250,24.293418,20,4.791531,18.672038,0.040613
32,hilbert,500,27.299787,13,4.19417,22.351442,0.028808
32,hilbert,500,27.299787,19,4.877724,21.841008,0.027807
32,hilbert,500,27.299787,29,4.434389,22.02381,0.027887
32,hilbert,500,27.299787,23,4.137475,22.363312,0.028829
32,hilbert,500,27.299787,16,8.994428,17.611717,0.020077
32,hilbert,500,27.299787,17,9.788825,16.731749,0.016957
32,hilbert,500,27.299787,21,3.971496,22.52178,0.029059
32,hilbert,500,27.299787,7,4.251245,22.280616,0.028473
32,hilbert,500,27.299787,4,4.222598,22.363191,0.028452
32,hilbert,500,27.299787,9,4.338512,22.216681,0.0281
32,hilbert,500,27.299787,12,4.288823,22.267768,0.02841
32,hilbert,500,27.299787,27,4.348908,22.08429,0.028074
32,hilbert,500,27.299787,6,4.596206,21.922751,0.027387
32,hilbert,500,27.299787,28,4.708208,21.747641,0.026668
32,hilbert,500,27.299787,22,4.312009,22.163359,0.028095
32,hilbert,500,27.299787,15,4.618615,22.068308,0.028142
32,hilbert,500,27.299787,5,5.093344,21.484564,0.026067
32,hilbert,500,27.299787,2,11.082167,15.562125,0.014452
32,hilbert,500,27.299787,20,4.040829,22.439405,0.02866
32,hilbert,500,27.299787,1,5.926044,20.654435,0.025163
32,hilbert,500,27.299787,10,7.8671,18.650264,0.021098
32,hilbert,500,27.299787,14,4.047368,22.52232,0.028802
32,hilbert,500,27.299787,31,0.048706,25.037185,0.033902
32,hilbert,500,27.299787,8,4.537468,22.050997,0.02749
32,hilbert,500,27.299787,11,4.178102,22.372568,0.028798
32,hilbert,500,27.299787,25,4.502581,22.00728,0.027676
32,hilbert,500,27.299787,26,4.451578,22.038237,0.027803
32,hilbert,500,27.299787,30,1.645775,24.845171,0.033899
32,hilbert,500,27.299787,24,6.342725,20.123237,0.023725
32,hilbert,500,27.299787,18,3.687938,22.862644,0.030214
32,hilbert,500,27.299787,3,10.576798,16.000975,0.014928
32,hilbert,500,27.299787,0,6.854766,19.669903,0.025619
32,gilbert,125,23.356258,3,6.361909,16.101706,0.159184
32,gilbert,125,23.356258,10,5.881406,16.54707,0.163063
32,gilbert,125,23.356258,14,5.266244,17.194638,0.167391
32,gilbert,125,23.356258,8,5.073204,17.403136,0.169576
32,gilbert,125,23.356258,12,5.436051,17.019129,0.164969
32,gilbert,125,23.356258,29,5.076127,17.283585,0.16895
32,gilbert,125,23.356258,2,6.815295,15.740788,0.156039
32,gilbert,125,23.356258,9,5.129683,17.317906,0.169412
32,gilbert,125,23.356258,30,3.517671,18.874948,0.181501
32,gilbert,125,23.356258,25,5.090283,17.295463,0.169255
32,gilbert,125,23.356258,22,5.026954,17.332668,0.168759
32,gilbert,125,23.356258,26,5.025059,17.308198,0.168896
32,gilbert,125,23.356258,5,4.942221,17.504919,0.171247
32,gilbert,125,23.356258,4,5.075839,17.397973,0.169471
32,gilbert,125,23.356258,27,5.152777,17.185277,0.168322
32,gilbert,125,23.356258,11,5.046489,17.389607,0.170003
32,gilbert,125,23.356258,24,5.507374,16.903808,0.165607
32,gilbert,125,23.356258,20,5.306205,17.14432,0.166485
32,gilbert,125,23.356258,7,5.007767,17.44473,0.17067
32,gilbert,125,23.356258,13,5.236142,17.207921,0.168002
32,gilbert,125,23.356258,6,5.082091,17.355294,0.169379
32,gilbert,125,23.356258,21,5.042404,17.322796,0.169332
32,gilbert,125,23.356258,23,5.13036,17.212719,0.168616
32,gilbert,125,23.356258,18,6.203635,16.533407,0.162402
32,gilbert,125,23.356258,1,5.442171,17.078572,0.16787
32,gilbert,125,23.356258,15,4.955003,17.486421,0.171313
32,gilbert,125,23.356258,31,0.021358,20.440276,0.193903
32,gilbert,125,23.356258,19,5.141596,17.32624,0.169465
32,gilbert,125,23.356258,17,6.068245,16.39873,0.163198
32,gilbert,125,23.356258,0,5.931139,16.498159,0.165396
32,gilbert,125,23.356258,16,6.640564,15.854014,0.15709
32,gilbert,125,23.356258,28,4.972782,17.380022,0.169302
32,gilbert,250,24.485869,19,4.863903,18.804693,0.091734
32,gilbert,250,24.485869,20,5.317394,18.348623,0.088879
32,gilbert,250,24.485869,29,4.924522,18.628369,0.090879
32,gilbert,250,24.485869,12,5.461794,18.227315,0.087791
32,gilbert,250,24.485869,16,7.886315,15.815732,0.079587
32,gilbert,250,24.485869,30,3.497481,20.101492,0.096693
32,gilbert,250,24.485869,7,4.703627,18.985239,0.092523
32,gilbert,250,24.485869,6,4.720645,18.884404,0.0918
32,gilbert,250,24.485869,2,8.279847,15.489629,0.077956
32,gilbert,250,24.485869,3,7.584389,16.091611,0.080536
32,gilbert,250,24.485869,23,4.884052,18.695542,0.091283
32,gilbert,250,24.485869,15,4.591103,19.075442,0.09325
32,gilbert,250,24.485869,4,4.709743,18.974457,0.092215
32,gilbert,250,24.485869,11,4.876073,18.766124,0.091525
32,gilbert,250,24.485869,10,6.574658,17.066472,0.084556
32,gilbert,250,24.485869,21,4.862803,18.709871,0.090944
32,gilbert,250,24.485869,24,5.64561,17.981678,0.088018
32,gilbert,250,24.485869,31,0.030256,21.798994,0.103206
32,gilbert,250,24.485869,26,4.712222,18.851488,0.091685
32,gilbert,250,24.485869,18,5.616625,18.313587,0.089915
32,gilbert,250,24.485869,8,4.732662,18.951856,0.092663
32,gilbert,250,24.485869,14,5.028342,18.642394,0.090301
32,gilbert,250,24.485869,25,4.749147,18.820398,0.091792
32,gilbert,250,24.485869,27,4.766877,18.788006,0.091739
32,gilbert,250,24.485869,22,4.773355,18.817636,0.091548
32,gilbert,250,24.485869,13,5.063111,18.61904,0.090515
32,gilbert,250,24.485869,1,5.628095,18.099054,0.088884
32,gilbert,250,24.485869,17,6.758514,16.874544,0.085448
32,gilbert,250,24.485869,9,4.798319,18.823108,0.091957
32,gilbert,250,24.485869,28,4.680989,18.859416,0.091666
32,gilbert,250,24.485869,5,4.62348,19.029299,0.09265
32,gilbert,250,24.485869,0,6.267987,17.371838,0.085222
32,gilbert,500,28.05443,6,4.079861,23.183339,0.05601
32,gilbert,500,28.05443,25,4.164961,23.014619,0.055672
32,gilbert,500,28.05443,0,7.072473,20.177393,0.050166
32,gilbert,500,28.05443,7,3.990603,23.283906,0.05626
32,gilbert,500,28.05443,9,4.351662,22.932376,0.055576
32,gilbert,500,28.05443,22,4.395301,22.798476,0.055004
32,gilbert,500,28.05443,13,4.731531,22.548802,0.054125
32,gilbert,500,28.05443,11,4.286034,22.986708,0.055528
32,gilbert,500,28.05443,24,6.095744,21.148184,0.051787
32,gilbert,500,28.05443,27,4.204925,22.955276,0.055584
32,gilbert,500,28.05443,19,4.253831,23.02,0.055595
32,gilbert,500,28.05443,5,3.92704,23.357971,0.056419
32,gilbert,500,28.05443,10,7.825031,19.461702,0.0486
32,gilbert,500,28.05443,14,4.311838,22.951683,0.055202
32,gilbert,500,28.05443,12,5.53706,21.743481,0.051687
32,gilbert,500,28.05443,1,5.88837,21.461963,0.052587
32,gilbert,500,28.05443,8,4.368296,22.952546,0.055438
32,gilbert,500,28.05443,28,4.060451,23.126466,0.055758
32,gilbert,500,28.05443,26,4.000987,23.190679,0.055793
32,gilbert,500,28.05443,29,4.350536,22.85404,0.05502
32,gilbert,500,28.05443,2,11.523619,15.858684,0.040245
32,gilbert,500,28.05443,4,4.036757,23.265892,0.056176
32,gilbert,500,28.05443,30,2.387411,24.846367,0.05938
32,gilbert,500,28.05443,21,4.380391,22.826852,0.055062
32,gilbert,500,28.05443,20,5.105296,22.177351,0.053065
32,gilbert,500,28.05443,16,11.021525,16.299838,0.041821
32,gilbert,500,28.05443,18,4.635153,22.846186,0.055849
32,gilbert,500,28.05443,3,10.341896,16.962095,0.04253
32,gilbert,500,28.05443,31,0.048682,25.651845,0.060567
32,gilbert,500,28.05443,23,4.047225,23.177132,0.056075
32,gilbert,500,28.05443,17,8.409407,18.888187,0.047954
32,gilbert,500,28.05443,15,3.81064,23.470724,0.05699
32,rcb,125,29.510046,18,10.531696,18.218009,0.057267
32,rcb,125,29.510046,15,0.719993,28.038115,0.136584
32,rcb,125,29.510046,13,3.928078,24.79567,0.111138
32,rcb,125,29.510046,14,0.648643,28.111428,0.137287
32,rcb,125,29.510046,10,6.313306,22.419338,0.091375
32,rcb,125,29.510046,19,3.834864,24.834427,0.110749
32,rcb,125,29.510046,17,7.658897,21.042739,0.080004
32,rcb,125,29.510046,20,8.010737,20.701301,0.077123
32,rcb,125,29.510046,7,0.322957,28.386216,0.139495
32,rcb,125,29.510046,12,4.768772,23.937439,0.102714
32,rcb,125,29.510046,6,0.369058,28.352982,0.139473
32,rcb,125,29.510046,11,2.873314,25.878673,0.120557
32,rcb,125,29.510046,16,11.821818,16.999246,0.047802
32,rcb,125,29.510046,24,6.594493,22.056566,0.087265
32,rcb,125,29.510046,27,2.177574,26.493965,0.124706
32,rcb,125,29.510046,8,5.375692,23.392258,0.09923
32,rcb,125,29.510046,1,7.006783,21.787245,0.086138
32,rcb,125,29.510046,3,6.584445,22.175398,0.087689
32,rcb,125,29.510046,28,5.512159,23.124188,0.096027
32,rcb,125,29.510046,29,4.108597,24.569547,0.109248
32,rcb,125,29.510046,22,0.387852,28.291808,0.138878
32,rcb,125,29.510046,21,7.029174,21.641696,0.084745
32,rcb,125,29.510046,25,5.113541,23.578366,0.100471
32,rcb,125,29.510046,5,6.804374,21.951748,0.087595
32,rcb,125,29.510046,9,4.563977,24.167814,0.104558
32,rcb,125,29.510046,26,6.423651,22.209102,0.090329
32,rcb,125,29.510046,2,10.132252,18.673965,0.061626
32,rcb,125,29.510046,31,0.81379,27.864745,0.134838
32,rcb,125,29.510046,30,0.733439,27.947901,0.135795
32,rcb,125,29.510046,23,0.356186,28.334813,0.13905
32,rcb,125,29.510046,4,9.393823,19.415853,0.066664
32,rcb,125,29.510046,0,14.073193,14.660676,0.029111
32,rcb,250,30.542173,0,14.207273,15.571001,0.01804
32,rcb,250,30.542173,30,0.623729,29.13956,0.072723
32,rcb,250,30.542173,25,4.934258,24.859401,0.055418
32,rcb,250,30.542173,29,3.805124,25.978139,0.060475
32,rcb,250,30.542173,15,0.689057,29.155587,0.072758
32,rcb,250,30.542173,27,1.963536,27.779223,0.067723
32,rcb,250,30.542173,28,5.327674,24.41226,0.053092
32,rcb,250,30.542173,21,6.683881,23.048449,0.048044
32,rcb,250,30.542173,24,7.121996,22.631948,0.045412
32,rcb,250,30.542173,3,8.081108,21.748884,0.042717
32,rcb,250,30.542173,20,7.594432,22.193045,0.044719
32,rcb,250,30.542173,31,0.776433,28.996119,0.072001
32,rcb,250,30.542173,22,0.271024,29.4665,0.074143
32,rcb,250,30.542173,9,4.475509,25.322996,0.056307
32,rcb,250,30.542173,16,12.961813,16.919389,0.023672
32,rcb,250,30.542173,19,3.673588,26.058012,0.060296
32,rcb,250,30.542173,14,0.553589,29.284827,0.073383
32,rcb,250,30.542173,2,10.796423,19.090218,0.032599
32,rcb,250,30.542173,12,4.66282,25.114918,0.055895
32,rcb,250,30.542173,8,5.042253,24.807306,0.055187
32,rcb,250,30.542173,18,10.097212,19.681864,0.03439
32,rcb,250,30.542173,13,3.611259,26.207382,0.061489
32,rcb,250,30.542173,5,6.321051,23.515682,0.050114
32,rcb,250,30.542173,10,7.233326,22.590161,0.04638
32,rcb,250,30.542173,26,5.635457,24.089926,0.053173
32,rcb,250,30.542173,17,8.514552,21.269126,0.040825
32,rcb,250,30.542173,1,7.122141,22.741312,0.046996
32,rcb,250,30.542173,23,0.348388,29.435725,0.07391
32,rcb,250,30.542173,4,9.024133,20.842946,0.039082
32,rcb,250,30.542173,7,0.317665,29.526063,0.074297
32,rcb,250,30.542173,6,0.247179,29.594622,0.074733
32,rcb,250,30.542173,11,2.250162,27.577409,0.067623
32,rcb,500,32.66889,12,4.260006,27.694536,0.033488
32,rcb,500,32.66889,8,4.468481,27.536109,0.033756
32,rcb,500,32.66889,13,2.988862,28.972929,0.037104
32,rcb,500,32.66889,17,10.403961,21.561021,0.020972
32,rcb,500,32.66889,9,3.96501,28.004324,0.033852
32,rcb,500,32.66889,5,5.266918,26.722718,0.032155
32,rcb,500,32.66889,25,4.295899,27.615946,0.033898
32,rcb,500,32.66889,6,0.211337,31.762998,0.042384
32,rcb,500,32.66889,10,8.464023,23.532843,0.025784
32,rcb,500,32.66889,31,0.7727,31.163507,0.041055
32,rcb,500,32.66889,23,0.333992,31.592725,0.04198
32,rcb,500,32.66889,7,0.300344,31.675681,0.042146
32,rcb,500,32.66889,21,5.844263,26.06342,0.030649
32,rcb,500,32.66889,3,11.052856,20.937415,0.019404
32,rcb,500,32.66889,15,0.68821,31.34378,0.041438
32,rcb,500,32.66889,11,1.872866,30.114297,0.039992
32,rcb,500,32.66889,19,3.323725,28.607048,0.03596
32,rcb,500,32.66889,24,7.724401,24.21231,0.026242
32,rcb,500,32.66889,27,1.380139,30.556237,0.040095
32,rcb,500,32.66889,1,7.232973,24.790319,0.028161
32,rcb,500,32.66889,2,13.528055,18.495796,0.015104
32,rcb,500,32.66889,22,0.225717,31.718575,0.04227
32,rcb,500,32.66889,18,8.941276,22.986842,0.02442
32,rcb,500,32.66889,29,2.776498,29.12375,0.037581
32,rcb,500,32.66889,16,15.329478,16.696469,0.011617
32,rcb,500,32.66889,26,4.880558,26.999295,0.033547
32,rcb,500,32.66889,14,0.407705,31.580864,0.041934
32,rcb,500,32.66889,28,5.223199,26.677845,0.031471
32,rcb,500,32.66889,30,0.45594,31.462138,0.041666
32,rcb,500,32.66889,4,8.103745,23.917038,0.026245
32,rcb,500,32.66889,20,6.623763,25.276822,0.02917
32,rcb,500,32.66889,0,13.81123,18.103392,0.014879
32,rcbincr,125,29.596684,21,7.021869,21.73742,0.085629
32,rcbincr,125,29.596684,10,6.291033,22.509924,0.092312
32,rcbincr,125,29.596684,19,3.820717,24.954805,0.111799
32,rcbincr,125,29.596684,9,4.558786,24.249644,0.105226
32,rcbincr,125,29.596684,25,5.157128,23.582347,0.10056
32,rcbincr,125,29.596684,28,5.529964,23.200153,0.096872
32,rcbincr,125,29.596684,29,4.12167,24.629383,0.109847
32,rcbincr,125,29.596684,11,2.87034,25.964316,0.12152
32,rcbincr,125,29.596684,0,14.323886,14.4936,0.029043
32,rcbincr,125,29.596684,13,3.928981,24.906947,0.112081
32,rcbincr,125,29.596684,20,8.03936,20.755976,0.077738
32,rcbincr,125,29.596684,7,0.322508,28.484332,0.140451
32,rcbincr,125,29.596684,30,0.732048,28.041649,0.136733
32,rcbincr,125,29.596684,14,0.648769,28.181976,0.137938
32,rcbincr,125,29.596684,23,0.356459,28.428553,0.139846
32,rcbincr,125,29.596684,24,6.555854,22.195522,0.088558
32,rcbincr,125,29.596684,17,7.643358,21.103843,0.080515
32,rcbincr,125,29.596684,6,0.371561,28.412,0.140101
32,rcbincr,125,29.596684,27,2.176642,26.558858,0.125394
32,rcbincr,125,29.596684,5,6.786978,22.057751,0.088522
32,rcbincr,125,29.596684,31,0.812139,27.948834,0.135683
32,rcbincr,125,29.596684,18,10.621273,18.181931,0.056804
32,rcbincr,125,29.596684,26,6.451188,22.319964,0.091416
32,rcbincr,125,29.596684,2,9.957616,18.930586,0.063591
32,rcbincr,125,29.596684,3,6.49001,22.343785,0.090615
32,rcbincr,125,29.596684,22,0.386578,28.374161,0.139623
32,rcbincr,125,29.596684,1,7.027424,21.849809,0.08685
32,rcbincr,125,29.596684,12,4.770678,24.036016,0.103921
32,rcbincr,125,29.596684,4,9.377747,19.500463,0.067691
32,rcbincr,125,29.596684,15,0.719895,28.09929,0.137245
32,rcbincr,125,29.596684,16,11.795946,17.106877,0.048666
32,rcbincr,125,29.596684,8,5.377151,23.488332,0.100029
32,rcbincr,250,30.644633,27,1.583884,28.29572,0.069178
32,rcbincr,250,30.644633,25,5.077577,24.798694,0.054801
32,rcbincr,250,30.644633,6,0.24454,29.699795,0.074756
32,rcbincr,250,30.644633,1,7.064694,22.907859,0.047177
32,rcbincr,250,30.644633,21,6.674542,23.199697,0.048203
32,rcbincr,250,30.644633,28,5.33235,24.495088,0.05306
32,rcbincr,250,30.644633,3,8.08177,21.863834,0.042703
32,rcbincr,250,30.644633,31,0.775951,29.102192,0.072058
32,rcbincr,250,30.644633,5,6.334862,23.587276,0.050009
32,rcbincr,250,30.644633,23,0.348129,29.524746,0.073911
32,rcbincr,250,30.644633,13,3.60708,26.326703,0.061499
32,rcbincr,250,30.644633,9,4.468581,25.433501,0.056461
32,rcbincr,250,30.644633,29,3.805439,26.059938,0.060454
32,rcbincr,250,30.644633,7,0.320729,29.632453,0.074378
32,rcbincr,250,30.644633,10,7.235514,22.667102,0.046364
32,rcbincr,250,30.644633,22,0.271134,29.615065,0.074409
32,rcbincr,250,30.644633,20,7.615564,22.239823,0.044456
32,rcbincr,250,30.644633,15,0.688163,29.254029,0.072702
32,rcbincr,250,30.644633,12,4.666413,25.251762,0.056138
32,rcbincr,250,30.644633,8,5.085371,24.874847,0.055063
32,rcbincr,250,30.644633,24,7.350916,22.467757,0.044597
32,rcbincr,250,30.644633,26,5.674075,24.144868,0.053098
32,rcbincr,250,30.644633,30,0.622809,29.263854,0.072915
32,rcbincr,250,30.644633,18,10.114788,19.792623,0.034311
32,rcbincr,250,30.644633,17,9.088217,20.808579,0.038439
32,rcbincr,250,30.644633,14,0.554458,29.365078,0.073282
32,rcbincr,250,30.644633,16,12.441379,17.54072,0.025888
32,rcbincr,250,30.644633,11,2.257408,27.660986,0.067629
32,rcbincr,250,30.644633,19,3.650035,26.222543,0.060579
32,rcbincr,250,30.644633,0,14.175133,15.708189,0.018315
32,rcbincr,250,30.644633,4,9.020922,20.942645,0.039012
32,rcbincr,250,30.644633,2,11.201941,18.78146,0.030811
32,rcbincr,500,32.507545,28,5.215835,26.513883,0.030355
32,rcbincr,500,32.507545,8,4.467442,27.37904,0.032658
32,rcbincr,500,32.507545,29,2.774927,28.980961,0.036482
32,rcbincr,500,32.507545,3,10.989197,20.853944,0.018446
32,rcbincr,500,32.507545,25,4.697292,27.093719,0.03207
32,rcbincr,500,32.507545,19,3.298264,28.455482,0.034876
32,rcbincr,500,32.507545,9,4.443882,27.344234,0.031495
32,rcbincr,500,32.507545,24,7.990805,23.75715,0.024391
32,rcbincr,500,32.507545,21,5.856776,25.879897,0.029402
32,rcbincr,500,32.507545,27,1.242032,30.502493,0.039199
32,rcbincr,500,32.507545,17,11.577004,20.208175,0.017463
32,rcbincr,500,32.507545,13,2.993857,28.842005,0.036006
32,rcbincr,500,32.507545,12,4.257743,27.544054,0.032393
32,rcbincr,500,32.507545,18,8.9003,22.803151,0.023319
32,rcbincr,500,32.507545,4,8.084718,23.77144,0.025116
32,rcbincr,500,32.507545,16,14.259036,17.606979,0.012647
32,rcbincr,500,32.507545,31,0.773011,31.014046,0.039953
32,rcbincr,500,32.507545,0,13.836439,17.917954,0.013771
32,rcbincr,500,32.507545,7,0.300038,31.541342,0.041085
32,rcbincr,500,32.507545,1,7.310442,24.548786,0.026825
32,rcbincr,500,32.507545,26,4.343553,27.403079,0.033669
32,rcbincr,500,32.507545,23,0.333417,31.47118,0.040913
32,rcbincr,500,32.507545,2,13.093277,18.785439,0.014922
32,rcbincr,500,32.507545,10,8.477299,23.31445,0.024668
32,rcbincr,500,32.507545,14,0.407446,31.418455,0.040786
32,rcbincr,500,32.507545,11,1.368425,30.458135,0.039853
32,rcbincr,500,32.507545,30,0.456,31.312654,0.040562
32,rcbincr,500,32.507545,15,0.688656,31.165936,0.04027
32,rcbincr,500,32.507545,6,0.211149,31.630374,0.041301
32,rcbincr,500,32.507545,22,0.227321,31.552868,0.041427
32,rcbincr,500,32.507545,20,6.612468,25.168352,0.028132
32,rcbincr,500,32.507545,5,5.276752,26.543414,0.030974
64,hilbert,125,19.153833,40,2.676585,14.442701,0.079479
64,hilbert,125,19.153833,27,2.61353,14.589321,0.081089
64,hilbert,125,19.153833,33,2.645947,14.522946,0.080741
64,hilbert,125,19.153833,5,2.772861,14.579853,0.081664
64,hilbert,125,19.153833,35,2.401856,14.79841,0.084158
64,hilbert,125,19.153833,34,3.872375,13.30194,0.070218
64,hilbert,125,19.153833,10,2.777617,14.522799,0.080148
64,hilbert,125,19.153833,16,2.645886,14.705257,0.081444
64,hilbert,125,19.153833,9,2.719382,14.59426,0.081089
64,hilbert,125,19.153833,32,4.165296,13.20651,0.070287
64,hilbert,125,19.153833,11,2.673519,14.615706,0.081508
64,hilbert,125,19.153833,18,2.709861,14.556225,0.08042
64,hilbert,125,19.153833,15,2.646359,14.624938,0.081644
64,hilbert,125,19.153833,0,3.589574,13.391455,0.071903
64,hilbert,125,19.153833,38,2.825876,14.326978,0.078539
64,hilbert,125,19.153833,56,2.68602,14.255237,0.077257
64,hilbert,125,19.153833,44,2.572801,14.499839,0.07963
64,hilbert,125,19.153833,54,2.753865,14.26249,0.077193
64,hilbert,125,19.153833,58,0.986982,15.694013,0.089221
64,hilbert,125,19.153833,62,0.01187,14.523944,0.078789
64,hilbert,125,19.153833,63,0.011828,14.507023,0.079482
64,hilbert,125,19.153833,45,2.656192,14.404311,0.079542
64,hilbert,125,19.153833,36,3.204614,14.014366,0.075997
64,hilbert,125,19.153833,55,2.685367,14.273502,0.077958
64,hilbert,125,19.153833,49,2.68104,14.390394,0.079187
64,hilbert,125,19.153833,61,0.011906,14.531305,0.079476
64,hilbert,125,19.153833,57,2.453029,14.519858,0.080359
64,hilbert,125,19.153833,42,2.608786,14.487262,0.079634
64,hilbert,125,19.153833,39,2.653381,14.475751,0.080415
64,hilbert,125,19.153833,1,2.656607,14.694118,0.082778
64,hilbert,125,19.153833,59,0.109359,14.791601,0.081964
64,hilbert,125,19.153833,52,2.767695,14.220546,0.077092
64,hilbert,125,19.153833,43,2.657145,14.427555,0.079785
64,hilbert,125,19.153833,50,2.770035,14.241593,0.077507
64,hilbert,125,19.153833,53,2.523198,14.451558,0.079751
64,hilbert,125,19.153833,37,2.880717,14.310145,0.078836
64,hilbert,125,19.153833,47,2.710908,14.35956,0.079151
64,hilbert,125,19.153833,46,2.698837,14.353575,0.078367
64,hilbert,125,19.153833,60,0.012033,14.544762,0.079007
64,hilbert,125,19.153833,51,2.65941,14.349926,0.07882
64,hilbert,125,19.153833,48,3.146155,13.943099,0.075195
64,hilbert,125,19.153833,41,2.661649,14.444191,0.080087
64,hilbert,125,19.153833,12,2.728035,14.548704,0.080164
64,hilbert,125,19.153833,21,2.715356,14.516085,0.080632
64,hilbert,125,19.153833,23,2.733952,14.492813,0.080428
64,hilbert,125,19.153833,30,2.748969,14.528509,0.080607
64,hilbert,125,19.153833,8,2.76678,14.580121,0.080695
64,hilbert,125,19.153833,14,2.652117,14.611861,0.081142
64,hilbert,125,19.153833,17,2.752622,14.527331,0.080656
64,hilbert,125,19.153833,29,3.025757,14.285176,0.078264
64,hilbert,125,19.153833,13,2.649242,14.620208,0.081489
64,hilbert,125,19.153833,20,3.701395,13.544733,0.072659
64,hilbert,125,19.153833,22,2.750158,14.461572,0.079876
64,hilbert,125,19.153833,3,2.502943,14.82078,0.08353
64,hilbert,125,19.153833,28,2.893333,14.38287,0.078749
64,hilbert,125,19.153833,4,4.271587,13.143549,0.06951
64,hilbert,125,19.153833,24,2.683885,14.509921,0.079746
64,hilbert,125,19.153833,25,2.626303,14.594,0.081177
64,hilbert,125,19.153833,6,4.111342,13.210987,0.069309
64,hilbert,125,19.153833,31,2.486269,14.780123,0.083616
64,hilbert,125,19.153833,19,2.603866,14.646617,0.081638
64,hilbert,125,19.153833,26,2.514423,14.693901,0.081586
64,hilbert,125,19.153833,7,2.665865,14.63951,0.081893
64,hilbert,125,19.153833,2,3.166975,14.181165,0.077718
64,hilbert,250,20.616344,14,2.501507,16.254199,0.047442
64,hilbert,250,20.616344,37,2.657246,16.027595,0.046019
64,hilbert,250,20.616344,40,2.525954,16.084446,0.046128
64,hilbert,250,20.616344,61,0.016797,16.199047,0.045864
64,hilbert,250,20.616344,46,2.59658,15.94628,0.045292
64,hilbert,250,20.616344,45,2.605962,15.94669,0.045578
64,hilbert,250,20.616344,38,2.665809,15.978393,0.045598
64,hilbert,250,20.616344,59,0.0164,16.227177,0.046012
64,hilbert,250,20.616344,54,2.565358,15.916682,0.045058
64,hilbert,250,20.616344,55,2.730675,15.740426,0.044418
64,hilbert,250,20.616344,44,2.510365,16.054242,0.045881
64,hilbert,250,20.616344,58,0.866511,17.321383,0.050903
64,hilbert,250,20.616344,50,2.735583,15.792271,0.044719
64,hilbert,250,20.616344,53,2.575601,15.903645,0.045153
64,hilbert,250,20.616344,36,2.949513,15.77737,0.04459
64,hilbert,250,20.616344,9,2.570533,16.228004,0.047204
64,hilbert,250,20.616344,12,2.636632,16.145364,0.046689
64,hilbert,250,20.616344,19,2.443261,16.258714,0.047549
64,hilbert,250,20.616344,34,5.04527,13.622064,0.036558
64,hilbert,250,20.616344,17,2.635868,16.12883,0.046979
64,hilbert,250,20.616344,7,2.514184,16.275923,0.047915
64,hilbert,250,20.616344,52,2.607315,15.871972,0.044872
64,hilbert,250,20.616344,63,0.01693,16.179502,0.045769
64,hilbert,250,20.616344,20,4.46737,14.282975,0.039429
64,hilbert,250,20.616344,42,2.430156,16.156362,0.046581
64,hilbert,250,20.616344,5,2.521886,16.321306,0.048237
64,hilbert,250,20.616344,43,2.540823,16.036947,0.046113
64,hilbert,250,20.616344,6,5.479501,13.32908,0.035383
64,hilbert,250,20.616344,62,0.0165,16.190541,0.045781
64,hilbert,250,20.616344,47,2.520968,16.022472,0.045917
64,hilbert,250,20.616344,31,1.939884,16.801924,0.05085
64,hilbert,250,20.616344,0,4.065305,14.403213,0.040315
64,hilbert,250,20.616344,10,2.891508,15.905337,0.045837
64,hilbert,250,20.616344,39,2.466862,16.154601,0.04668
64,hilbert,250,20.616344,49,2.690009,15.875127,0.045129
64,hilbert,250,20.616344,51,2.461489,16.026453,0.046116
64,hilbert,250,20.616344,48,3.55799,14.993711,0.041421
64,hilbert,250,20.616344,57,2.038594,16.113957,0.046339
64,hilbert,250,20.616344,60,0.016481,16.211918,0.045611
64,hilbert,250,20.616344,41,2.560692,16.037227,0.046242
64,hilbert,250,20.616344,56,2.496425,15.949964,0.045303
64,hilbert,250,20.616344,21,2.679582,16.052239,0.046832
64,hilbert,250,20.616344,2,3.452412,15.387461,0.043822
64,hilbert,250,20.616344,28,2.742905,16.020568,0.046018
64,hilbert,250,20.616344,13,2.659682,16.103108,0.04697
64,hilbert,250,20.616344,8,2.584629,16.252618,0.047343
64,hilbert,250,20.616344,3,2.339881,16.485843,0.048861
64,hilbert,250,20.616344,24,2.599109,16.112039,0.046768
64,hilbert,250,20.616344,35,2.148036,16.541,0.049484
64,hilbert,250,20.616344,11,2.554383,16.22127,0.047288
64,hilbert,250,20.616344,29,2.885825,15.938662,0.046041
64,hilbert,250,20.616344,22,2.539383,16.184142,0.047197
64,hilbert,250,20.616344,33,2.466058,16.195698,0.047337
64,hilbert,250,20.616344,30,2.316867,16.430196,0.048709
64,hilbert,250,20.616344,4,5.899336,13.004455,0.034614
64,hilbert,250,20.616344,32,5.58954,13.269733,0.035553
64,hilbert,250,20.616344,25,2.43112,16.26163,0.047831
64,hilbert,250,20.616344,23,2.592365,16.125008,0.047052
64,hilbert,250,20.616344,18,2.52318,16.227554,0.047124
64,hilbert,250,20.616344,27,2.437948,16.250162,0.047706
64,hilbert,250,20.616344,15,2.562262,16.19825,0.047374
64,hilbert,250,20.616344,1,2.552537,16.289507,0.048117
64,hilbert,250,20.616344,26,2.340505,16.359283,0.047894
64,hilbert,250,20.616344,16,2.611447,16.237558,0.046966
64,hilbert,500,23.626646,49,2.293245,19.283079,0.030133
64,hilbert,500,23.626646,16,2.385433,19.482949,0.030786
64,hilbert,500,23.626646,14,2.206256,19.585203,0.031319
64,hilbert,500,23.626646,23,2.262307,19.484728,0.031295
64,hilbert,500,23.626646,7,2.207185,19.62038,0.031535
64,hilbert,500,23.626646,13,2.164855,19.632388,0.031585
64,hilbert,500,23.626646,30,2.07086,19.72838,0.032062
64,hilbert,500,23.626646,4,9.269987,12.66267,0.016809
64,hilbert,500,23.626646,6,8.578011,13.273304,0.017624
64,hilbert,500,23.626646,26,2.003126,19.726087,0.031777
64,hilbert,500,23.626646,27,2.202274,19.522528,0.031239
64,hilbert,500,23.626646,31,1.04148,20.715633,0.034466
64,hilbert,500,23.626646,61,0.026241,19.487987,0.030205
64,hilbert,500,23.626646,19,2.342956,19.43619,0.031026
64,hilbert,500,23.626646,54,2.580279,18.940554,0.028984
64,hilbert,500,23.626646,48,4.160756,17.427067,0.026368
64,hilbert,500,23.626646,52,2.335441,19.182472,0.029861
64,hilbert,500,23.626646,45,2.240925,19.349513,0.030543
64,hilbert,500,23.626646,10,2.777488,19.039766,0.030041
64,hilbert,500,23.626646,46,2.464825,19.117377,0.029624
64,hilbert,500,23.626646,47,2.248209,19.345047,0.030248
64,hilbert,500,23.626646,53,2.162542,19.343761,0.03035
64,hilbert,500,23.626646,62,0.02566,19.478259,0.030069
64,hilbert,500,23.626646,57,1.955913,19.554995,0.030902
64,hilbert,500,23.626646,50,2.4046,19.166827,0.029838
64,hilbert,500,23.626646,25,2.104492,19.629564,0.031532
64,hilbert,500,23.626646,41,2.07327,19.560757,0.031126
64,hilbert,500,23.626646,55,2.359932,19.152115,0.029895
64,hilbert,500,23.626646,60,0.025651,19.499711,0.030041
64,hilbert,500,23.626646,29,2.654037,19.204917,0.03055
64,hilbert,500,23.626646,43,2.317838,19.295781,0.030574
64,hilbert,500,23.626646,36,2.298347,19.420651,0.030842
64,hilbert,500,23.626646,59,0.037871,20.173658,0.031994
64,hilbert,500,23.626646,44,2.115497,19.486576,0.030694
64,hilbert,500,23.626646,58,0.676134,20.209855,0.032512
64,hilbert,500,23.626646,40,2.260949,19.385781,0.030463
64,hilbert,500,23.626646,51,2.21052,19.317813,0.030374
64,hilbert,500,23.626646,42,2.233435,19.39343,0.030392
64,hilbert,500,23.626646,39,2.161746,19.496302,0.030941
64,hilbert,500,23.626646,22,2.169308,19.583937,0.031275
64,hilbert,500,23.626646,3,1.99741,19.881526,0.032159
64,hilbert,500,23.626646,38,2.50492,19.184342,0.02995
64,hilbert,500,23.626646,17,2.401992,19.411117,0.030731
64,hilbert,500,23.626646,63,0.025922,19.465313,0.030133
64,hilbert,500,23.626646,24,1.979614,19.760437,0.031735
64,hilbert,500,23.626646,56,2.374506,19.099079,0.029603
64,hilbert,500,23.626646,18,2.129583,19.635797,0.03144
64,hilbert,500,23.626646,8,2.481555,19.390763,0.030895
64,hilbert,500,23.626646,37,2.355766,19.369136,0.030737
64,hilbert,500,23.626646,28,2.165362,19.619011,0.031234
64,hilbert,500,23.626646,32,8.340605,13.544939,0.019239
64,hilbert,500,23.626646,21,2.18475,19.574393,0.031463
64,hilbert,500,23.626646,33,2.095832,19.608037,0.031803
64,hilbert,500,23.626646,5,1.968924,19.879998,0.032277
64,hilbert,500,23.626646,15,2.282818,19.522204,0.031233
64,hilbert,500,23.626646,12,2.524412,19.280623,0.030487
64,hilbert,500,23.626646,11,2.290012,19.52171,0.031206
64,hilbert,500,23.626646,20,5.784476,15.992935,0.024287
64,hilbert,500,23.626646,0,5.152936,16.343784,0.02486
64,hilbert,500,23.626646,1,2.124625,19.746392,0.032067
64,hilbert,500,23.626646,9,2.473134,19.383458,0.030396
64,hilbert,500,23.626646,2,4.259241,17.624292,0.027192
64,hilbert,500,23.626646,34,7.681281,14.02129,0.019463
64,hilbert,500,23.626646,35,1.642057,20.063946,0.032755
64,gilbert,125,19.689652,44,2.556081,14.952327,0.179788
64,gilbert,125,19.689652,56,2.704537,14.672077,0.177156
64,gilbert,125,19.689652,42,2.717691,14.817142,0.17867
64,gilbert,125,19.689652,55,2.656775,14.730928,0.178455
64,gilbert,125,19.689652,45,2.55026,14.947056,0.180418
64,gilbert,125,19.689652,36,2.684381,14.943116,0.180083
64,gilbert,125,19.689652,49,2.702848,14.752011,0.178686
64,gilbert,125,19.689652,43,2.565453,14.953536,0.180434
64,gilbert,125,19.689652,38,2.771574,14.861328,0.178793
64,gilbert,125,19.689652,46,2.591426,14.901714,0.179401
64,gilbert,125,19.689652,53,2.686688,14.72248,0.178429
64,gilbert,125,19.689652,57,2.670012,14.718622,0.178169
64,gilbert,125,19.689652,50,2.628963,14.814324,0.178804
64,gilbert,125,19.689652,61,0.011787,14.932621,0.17856
64,gilbert,125,19.689652,48,3.122205,14.368094,0.175129
64,gilbert,125,19.689652,51,2.551243,14.846489,0.214479
64,gilbert,125,19.689652,47,2.604459,14.925515,0.180247
64,gilbert,125,19.689652,52,2.600142,14.821103,0.178561
64,gilbert,125,19.689652,62,0.011779,14.926771,0.177886
64,gilbert,125,19.689652,54,2.585697,14.813096,0.178521
64,gilbert,125,19.689652,41,2.720817,14.821968,0.179526
64,gilbert,125,19.689652,58,1.934613,15.492853,0.18403
64,gilbert,125,19.689652,59,0.579668,15.539094,0.184494
64,gilbert,125,19.689652,37,2.670405,14.985444,0.181155
64,gilbert,125,19.689652,63,0.011345,14.907334,0.178411
64,gilbert,125,19.689652,40,2.620895,14.944639,0.179641
64,gilbert,125,19.689652,39,2.710394,14.918363,0.17991
64,gilbert,125,19.689652,60,0.012539,14.942736,0.177922
64,gilbert,125,19.689652,5,2.746728,15.001639,0.181223
64,gilbert,125,19.689652,20,3.495592,14.164282,0.174235
64,gilbert,125,19.689652,2,3.109147,14.745465,0.178909
64,gilbert,125,19.689652,7,2.688764,15.046811,0.18177
64,gilbert,125,19.689652,32,4.18202,13.617611,0.169559
64,gilbert,125,19.689652,17,2.530511,15.159491,0.182415
64,gilbert,125,19.689652,28,2.650314,15.03291,0.181424
64,gilbert,125,19.689652,14,2.536239,15.187553,0.182281
64,gilbert,125,19.689652,31,2.688873,14.962212,0.180696
64,gilbert,125,19.689652,15,2.570343,15.159796,0.182495
64,gilbert,125,19.689652,21,2.61136,15.063585,0.18154
64,gilbert,125,19.689652,13,2.625242,15.081195,0.181874
64,gilbert,125,19.689652,27,2.737656,14.908969,0.179725
64,gilbert,125,19.689652,25,2.743477,14.927531,0.180368
64,gilbert,125,19.689652,10,2.756481,14.939841,0.208671
64,gilbert,125,19.689652,16,2.713204,15.066196,0.181098
64,gilbert,125,19.689652,30,2.547964,15.091503,0.181777
64,gilbert,125,19.689652,26,2.722808,14.955514,0.179631
64,gilbert,125,19.689652,29,2.617561,15.03264,0.181204
64,gilbert,125,19.689652,35,3.172977,14.494576,0.17705
64,gilbert,125,19.689652,3,2.572467,15.19043,0.182871
64,gilbert,125,19.689652,8,2.561898,15.228209,0.182617
64,gilbert,125,19.689652,19,2.71245,14.966174,0.180797
64,gilbert,125,19.689652,23,2.663687,15.052592,0.181184
64,gilbert,125,19.689652,12,2.548174,15.168899,0.181999
64,gilbert,125,19.689652,6,4.117505,13.635441,0.169647
64,gilbert,125,19.689652,24,2.955089,14.687017,0.176815
64,gilbert,125,19.689652,1,2.525289,15.270745,0.1836
64,gilbert,125,19.689652,11,2.546919,15.165097,0.182761
64,gilbert,125,19.689652,22,2.633119,15.035396,0.18074
64,gilbert,125,19.689652,9,2.57424,15.154165,0.182405
64,gilbert,125,19.689652,18,2.804315,14.883942,0.179588
64,gilbert,125,19.689652,33,2.477962,15.136137,0.183047
64,gilbert,125,19.689652,4,4.469877,13.410039,0.168002
64,gilbert,125,19.689652,34,4.559951,13.127187,0.165556
64,gilbert,125,19.689652,0,3.475339,13.944004,0.176553
64,gilbert,250,22.241954,42,2.464933,17.70231,0.100741
64,gilbert,250,22.241954,40,2.70313,17.520545,0.099869
64,gilbert,250,22.241954,38,2.593929,17.6761,0.100673
64,gilbert,250,22.241954,45,2.531996,17.600177,0.100607
64,gilbert,250,22.241954,52,2.391311,17.663958,0.100498
64,gilbert,250,22.241954,46,2.43665,17.683041,0.101303
64,gilbert,250,22.241954,62,0.016584,17.693433,0.100263
64,gilbert,250,22.241954,57,2.463489,17.55092,0.10021
64,gilbert,250,22.241954,61,0.015984,17.704691,0.100095
64,gilbert,250,22.241954,39,2.808758,17.445806,0.099567
64,gilbert,250,22.241954,41,2.611085,17.565651,0.100404
64,gilbert,250,22.241954,50,2.576818,17.502127,0.099901
64,gilbert,250,22.241954,49,2.506425,17.582654,0.100344
64,gilbert,250,22.241954,58,2.023708,17.707646,0.100642
64,gilbert,250,22.241954,47,2.436161,17.691324,0.100945
64,gilbert,250,22.241954,51,2.497864,17.568467,0.100402
64,gilbert,250,22.241954,37,2.485652,17.782942,0.101382
64,gilbert,250,22.241954,56,2.44141,17.565739,0.102188
64,gilbert,250,22.241954,55,2.507638,17.514733,0.100118
64,gilbert,250,22.241954,59,0.793993,18.628015,0.104635
64,gilbert,250,22.241954,48,3.399921,16.76138,0.096936
64,gilbert,250,22.241954,36,2.563027,17.681681,0.100998
64,gilbert,250,22.241954,60,0.016856,17.715381,0.100457
64,gilbert,250,22.241954,44,2.431311,17.709734,0.101386
64,gilbert,250,22.241954,53,2.697946,17.345725,0.099529
64,gilbert,250,22.241954,54,2.523643,17.509056,0.09988
64,gilbert,250,22.241954,43,2.55139,17.602929,0.100573
64,gilbert,250,22.241954,63,0.01612,17.681685,0.099998
64,gilbert,250,22.241954,23,2.565182,17.755655,0.101062
64,gilbert,250,22.241954,2,3.435502,17.064321,0.098449
64,gilbert,250,22.241954,32,5.722064,14.720204,0.088712
64,gilbert,250,22.241954,8,2.433266,17.991826,0.102188
64,gilbert,250,22.241954,11,2.392035,17.960272,0.102243
64,gilbert,250,22.241954,33,2.278597,17.96181,0.102943
64,gilbert,250,22.241954,22,2.5308,17.770907,0.10105
64,gilbert,250,22.241954,17,2.444212,17.881846,0.101787
64,gilbert,250,22.241954,13,2.557091,17.784553,0.101536
64,gilbert,250,22.241954,26,2.415915,17.880875,0.101119
64,gilbert,250,22.241954,20,4.305509,16.009732,0.094015
64,gilbert,250,22.241954,5,2.515564,17.86838,0.101737
64,gilbert,250,22.241954,16,2.459161,17.968678,0.101863
64,gilbert,250,22.241954,15,2.427588,17.94086,0.102246
64,gilbert,250,22.241954,34,4.913468,15.415365,0.092457
64,gilbert,250,22.241954,14,2.387559,17.948611,0.101961
64,gilbert,250,22.241954,21,2.434544,17.869109,0.101725
64,gilbert,250,22.241954,3,2.422751,17.976165,0.102271
64,gilbert,250,22.241954,18,2.624626,17.697965,0.100895
64,gilbert,250,22.241954,35,3.164729,17.139276,0.098789
64,gilbert,250,22.241954,25,2.682381,17.611357,0.10044
64,gilbert,250,22.241954,10,2.484503,17.874476,0.101712
64,gilbert,250,22.241954,4,6.255994,14.251084,0.087006
64,gilbert,250,22.241954,30,2.287135,17.999986,0.102427
64,gilbert,250,22.241954,7,2.449568,17.922035,0.102128
64,gilbert,250,22.241954,6,5.381312,15.005989,0.089813
64,gilbert,250,22.241954,19,2.48174,17.831962,0.101513
64,gilbert,250,22.241954,12,2.425336,17.921935,0.101813
64,gilbert,250,22.241954,9,2.540961,17.823492,0.101729
64,gilbert,250,22.241954,29,2.430827,17.855021,0.101717
64,gilbert,250,22.241954,27,3.367625,16.952526,0.116024
64,gilbert,250,22.241954,24,2.972386,17.330096,0.09831
64,gilbert,250,22.241954,31,2.484975,17.760814,0.101449
64,gilbert,250,22.241954,28,2.458792,17.836033,0.101293
64,gilbert,250,22.241954,0,4.057247,15.996049,0.094987
64,gilbert,250,22.241954,1,2.391012,18.032188,0.102555
64,gilbert,500,23.933425,58,1.969453,19.833158,0.058163
64,gilbert,500,23.933425,39,2.700547,19.317392,0.05597
64,gilbert,500,23.933425,63,0.025695,19.68318,0.05678
64,gilbert,500,23.933425,48,4.04831,17.821535,0.05343
64,gilbert,500,23.933425,47,2.026883,19.875515,0.057838
64,gilbert,500,23.933425,61,0.025601,19.704657,0.056789
64,gilbert,500,23.933425,51,2.064863,19.747606,0.057413
64,gilbert,500,23.933425,57,2.068808,19.677878,0.057113
64,gilbert,500,23.933425,40,2.302862,19.629188,0.056975
64,gilbert,500,23.933425,62,0.025526,19.693913,0.056603
64,gilbert,500,23.933425,44,2.145289,19.739638,0.057298
64,gilbert,500,23.933425,42,2.289884,19.594872,0.084149
64,gilbert,500,23.933425,38,2.600322,19.446977,0.056668
64,gilbert,500,23.933425,54,2.06721,19.71148,0.057245
64,gilbert,500,23.933425,43,2.485137,19.412791,0.056797
64,gilbert,500,23.933425,45,2.158088,19.718211,0.057472
64,gilbert,500,23.933425,59,0.634543,20.444601,0.058856
64,gilbert,500,23.933425,41,2.460613,19.458581,0.056893
64,gilbert,500,23.933425,36,2.389003,19.561221,0.07863
64,gilbert,500,23.933425,50,2.195463,19.626875,0.057147
64,gilbert,500,23.933425,53,2.08924,19.698959,0.057348
64,gilbert,500,23.933425,60,0.026292,19.716208,0.056616
64,gilbert,500,23.933425,55,2.32839,19.440075,0.056734
64,gilbert,500,23.933425,56,2.29736,19.459366,0.056666
64,gilbert,500,23.933425,49,2.145656,19.688622,0.057381
64,gilbert,500,23.933425,46,2.169078,19.695047,0.057876
64,gilbert,500,23.933425,52,2.156134,19.644364,0.056964
64,gilbert,500,23.933425,6,8.350477,13.785897,0.044569
64,gilbert,500,23.933425,13,2.258582,19.825079,0.05778
64,gilbert,500,23.933425,18,2.444278,19.62559,0.057251
64,gilbert,500,23.933425,34,7.087374,14.970004,0.047752
64,gilbert,500,23.933425,21,2.146581,19.8915,0.057854
64,gilbert,500,23.933425,0,4.928077,16.849999,0.051932
64,gilbert,500,23.933425,22,2.130105,19.89434,0.057647
64,gilbert,500,23.933425,19,2.242638,19.813029,0.057698
64,gilbert,500,23.933425,15,2.229951,19.890557,0.057867
64,gilbert,500,23.933425,10,2.093543,19.999739,0.058115
64,gilbert,500,23.933425,25,2.725377,19.334405,0.056248
64,gilbert,500,23.933425,12,2.013608,20.074623,0.058102
64,gilbert,500,23.933425,31,1.96738,20.021947,0.058161
64,gilbert,500,23.933425,9,2.111174,19.993932,0.058164
64,gilbert,500,23.933425,24,2.936558,19.081823,0.055316
64,gilbert,500,23.933425,32,8.916797,13.255089,0.044102
64,gilbert,500,23.933425,17,2.116014,19.945129,0.057971
64,gilbert,500,23.933425,14,2.122707,19.95491,0.057993
64,gilbert,500,23.933425,37,1.793934,20.226723,0.058775
64,gilbert,500,23.933425,8,2.191345,19.969086,0.057901
64,gilbert,500,23.933425,35,2.294553,19.764053,0.057893
64,gilbert,500,23.933425,27,2.494493,19.553864,0.05684
64,gilbert,500,23.933425,28,2.060163,19.977532,0.057943
64,gilbert,500,23.933425,2,4.024469,18.193533,0.054412
64,gilbert,500,23.933425,7,2.050071,20.063297,0.05819
64,gilbert,500,23.933425,16,2.306592,19.845445,0.057673
64,gilbert,500,23.933425,26,2.370029,19.678141,0.056932
64,gilbert,500,23.933425,33,1.640581,20.343067,0.05946
64,gilbert,500,23.933425,5,2.0858,20.032894,0.058077
64,gilbert,500,23.933425,3,2.116438,20.012664,0.058062
64,gilbert,500,23.933425,30,1.919469,20.094452,0.058266
64,gilbert,500,23.933425,29,2.033095,19.987713,0.058211
64,gilbert,500,23.933425,20,5.79791,16.258021,0.050588
64,gilbert,500,23.933425,1,2.096419,20.074932,0.058218
64,gilbert,500,23.933425,11,1.931571,20.169396,0.05844
64,gilbert,500,23.933425,4,9.365089,12.878694,0.043102
64,gilbert,500,23.933425,23,2.342244,19.7475,0.057267
64,rcb,125,23.136183,62,0.424619,20.569261,0.108573
64,rcb,125,23.136183,43,2.145091,18.945213,0.095939
64,rcb,125,23.136183,38,2.982085,18.171216,0.089565
64,rcb,125,23.136183,41,2.953037,18.164059,0.089677
64,rcb,125,23.136183,56,3.03205,17.924304,0.086381
64,rcb,125,23.136183,45,0.18722,20.930921,0.112067
64,rcb,125,23.136183,50,2.981132,18.042115,0.088375
64,rcb,125,23.136183,37,4.073831,17.09546,0.081085
64,rcb,125,23.136183,63,0.390953,20.593158,0.108793
64,rcb,125,23.136183,42,4.867346,16.256334,0.073911
64,rcb,125,23.136183,51,2.143105,18.873351,0.094867
64,rcb,125,23.136183,52,4.261297,16.748787,0.077413
64,rcb,125,23.136183,59,0.986231,20.000301,0.104176
64,rcb,125,23.136183,57,2.505024,18.439034,0.091607
64,rcb,125,23.136183,55,0.75059,20.280382,0.106797
64,rcb,125,23.136183,39,0.774513,20.350947,0.107525
64,rcb,125,23.136183,47,0.17335,20.945264,0.112049
64,rcb,125,23.136183,49,2.654425,18.375842,0.090275
64,rcb,125,23.136183,32,6.256992,15.145171,0.065675
64,rcb,125,23.136183,35,2.465103,18.711126,0.094059
64,rcb,125,23.136183,5,4.899949,16.452775,0.076245
64,rcb,125,23.136183,6,4.097405,17.241755,0.082377
64,rcb,125,23.136183,33,5.744318,15.473475,0.067865
64,rcb,125,23.136183,7,2.470929,18.842891,0.095663
64,rcb,125,23.136183,31,0.351389,20.918593,0.111757
64,rcb,125,23.136183,13,0.179781,21.146053,0.114088
64,rcb,125,23.136183,27,1.299006,19.967599,0.105
64,rcb,125,23.136183,20,4.150363,17.136619,0.081803
64,rcb,125,23.136183,61,0.347292,20.642869,0.109353
64,rcb,125,23.136183,53,2.144411,18.836847,0.09582
64,rcb,125,23.136183,14,0.172378,21.167521,0.113981
64,rcb,125,23.136183,48,3.918754,17.132375,0.080498
64,rcb,125,23.136183,1,5.209154,16.17676,0.07397
64,rcb,125,23.136183,36,6.630301,14.573233,0.060781
64,rcb,125,23.136183,54,1.410408,19.556515,0.100845
64,rcb,125,23.136183,18,2.484597,18.760502,0.094347
64,rcb,125,23.136183,26,2.634619,18.589801,0.093066
64,rcb,125,23.136183,30,0.375839,20.901261,0.111457
64,rcb,125,23.136183,15,0.157274,21.178517,0.114278
64,rcb,125,23.136183,28,0.342262,20.92635,0.111887
64,rcb,125,23.136183,11,2.47325,18.829974,0.095389
64,rcb,125,23.136183,29,0.312581,20.958827,0.112364
64,rcb,125,23.136183,19,1.829212,19.434129,0.099391
64,rcb,125,23.136183,22,1.888918,19.40223,0.100105
64,rcb,125,23.136183,25,2.242266,18.984744,0.095622
64,rcb,125,23.136183,9,3.240871,18.074713,0.089159
64,rcb,125,23.136183,17,1.783462,19.483705,0.100479
64,rcb,125,23.136183,3,2.52732,18.79118,0.095159
64,rcb,125,23.136183,21,2.117905,19.143612,0.097615
64,rcb,125,23.136183,16,3.629836,17.739979,0.086346
64,rcb,125,23.136183,24,2.542664,18.690665,0.093947
64,rcb,125,23.136183,12,0.202967,21.136285,0.114049
64,rcb,125,23.136183,23,1.179775,20.065198,0.105494
64,rcb,125,23.136183,10,4.305033,16.991928,0.080369
64,rcb,125,23.136183,4,4.952774,16.419043,0.076362
64,rcb,125,23.136183,46,0.187622,20.941891,0.111911
64,rcb,125,23.136183,60,0.38792,20.605005,0.108941
64,rcb,125,23.136183,40,5.072963,16.074072,0.072593
64,rcb,125,23.136183,44,0.20757,20.920413,0.111851
64,rcb,125,23.136183,58,3.092296,17.84348,0.087009
64,rcb,125,23.136183,2,4.552578,16.836155,0.079335
64,rcb,125,23.136183,8,6.219133,15.174047,0.065813
64,rcb,125,23.136183,34,5.023758,16.180991,0.07308
64,rcb,125,23.136183,0,9.116634,11.881932,0.039978
64,rcb,250,24.32374,7,2.35506,20.167071,0.052093
64,rcb,250,24.32374,17,1.688511,20.810075,0.054724
64,rcb,250,24.32374,11,2.361815,20.169724,0.05216
64,rcb,250,24.32374,2,4.788223,17.81395,0.042869
64,rcb,250,24.32374,32,7.380361,15.237731,0.032215
64,rcb,250,24.32374,51,2.037037,20.209349,0.052091
64,rcb,250,24.32374,58,2.848115,19.313955,0.048798
64,rcb,250,24.32374,59,0.928817,21.288724,0.056542
64,rcb,250,24.32374,41,2.651975,19.690954,0.05015
64,rcb,250,24.32374,49,2.692993,19.566846,0.048799
64,rcb,250,24.32374,53,2.067966,20.144523,0.052818
64,rcb,250,24.32374,47,0.164725,22.187198,0.060144
64,rcb,250,24.32374,39,0.711441,21.64798,0.058242
64,rcb,250,24.32374,55,0.598088,21.664197,0.05827
64,rcb,250,24.32374,57,2.346562,19.826584,0.050513
64,rcb,250,24.32374,36,6.669325,15.745652,0.034282
64,rcb,250,24.32374,61,0.310342,21.911554,0.058869
64,rcb,250,24.32374,62,0.409466,21.815664,0.058407
64,rcb,250,24.32374,42,4.708968,17.632907,0.041547
64,rcb,250,24.32374,40,4.978075,17.387163,0.040733
64,rcb,250,24.32374,44,0.143328,22.223042,0.060314
64,rcb,250,24.32374,38,2.902778,19.475403,0.049213
64,rcb,250,24.32374,56,3.005993,19.178082,0.047389
64,rcb,250,24.32374,23,1.074844,21.408731,0.057527
64,rcb,250,24.32374,19,1.744558,20.742548,0.053772
64,rcb,250,24.32374,14,0.173036,22.399479,0.061125
64,rcb,250,24.32374,46,0.186661,22.176378,0.060021
64,rcb,250,24.32374,37,3.478903,18.911396,0.047021
64,rcb,250,24.32374,50,2.852569,19.39711,0.048733
64,rcb,250,24.32374,43,1.937755,20.381557,0.052903
64,rcb,250,24.32374,60,0.317609,21.90098,0.058877
64,rcb,250,24.32374,48,4.209925,18.066048,0.042994
64,rcb,250,24.32374,45,0.134506,22.221353,0.060396
64,rcb,250,24.32374,54,1.416155,20.785222,0.054425
64,rcb,250,24.32374,52,3.808747,18.421886,0.04477
64,rcb,250,24.32374,63,0.370444,21.844139,0.058563
64,rcb,250,24.32374,13,0.117986,22.43729,0.061409
64,rcb,250,24.32374,34,6.191715,16.236482,0.036015
64,rcb,250,24.32374,16,3.448292,19.143404,0.047982
64,rcb,250,24.32374,12,0.13243,22.42845,0.061353
64,rcb,250,24.32374,15,0.153691,22.414402,0.061236
64,rcb,250,24.32374,1,5.043979,17.565894,0.041705
64,rcb,250,24.32374,5,4.523043,18.039246,0.043734
64,rcb,250,24.32374,33,5.616164,16.815422,0.038831
64,rcb,250,24.32374,18,2.417397,20.077136,0.051601
64,rcb,250,24.32374,28,0.283556,22.210949,0.06028
64,rcb,250,24.32374,25,2.26096,20.201215,0.051627
64,rcb,250,24.32374,10,3.962371,18.581669,0.045803
64,rcb,250,24.32374,27,1.215258,21.279593,0.057208
64,rcb,250,24.32374,22,1.694133,20.843415,0.055377
64,rcb,250,24.32374,4,6.677304,15.920653,0.035139
64,rcb,250,24.32374,26,2.393979,20.055814,0.051468
64,rcb,250,24.32374,8,6.003884,16.601205,0.037723
64,rcb,250,24.32374,21,2.028246,20.421036,0.052956
64,rcb,250,24.32374,3,2.338342,20.220942,0.052461
64,rcb,250,24.32374,24,2.417813,20.057111,0.051609
64,rcb,250,24.32374,29,0.276762,22.228137,0.0604
64,rcb,250,24.32374,31,0.336311,22.164991,0.060124
64,rcb,250,24.32374,35,2.362555,20.042125,0.051522
64,rcb,250,24.32374,9,3.076018,19.471529,0.049283
64,rcb,250,24.32374,6,5.361497,17.198098,0.039998
64,rcb,250,24.32374,20,4.908573,17.582281,0.041678
64,rcb,250,24.32374,0,9.261209,12.936682,0.02339
64,rcb,250,24.32374,30,0.359406,22.149316,0.059939
64,rcb,500,26.564494,9,2.663862,22.155673,0.030342
64,rcb,500,26.564494,57,2.219126,22.233926,0.030427
64,rcb,500,26.564494,36,5.835828,18.846296,0.023684
64,rcb,500,26.564494,17,1.459673,23.30878,0.032711
64,rcb,500,26.564494,26,2.339021,22.393236,0.03081
64,rcb,500,26.564494,61,0.222384,24.26599,0.034523
64,rcb,500,26.564494,19,1.654783,23.10862,0.031708
64,rcb,500,26.564494,47,0.158938,24.464103,0.035017
64,rcb,500,26.564494,43,1.463324,23.133561,0.03236
64,rcb,500,26.564494,49,2.739583,21.798302,0.029102
64,rcb,500,26.564494,62,0.411159,24.084794,0.034105
64,rcb,500,26.564494,51,1.8951,22.640084,0.031346
64,rcb,500,26.564494,40,4.226732,20.40863,0.026786
64,rcb,500,26.564494,60,0.2368,24.239933,0.034483
64,rcb,500,26.564494,21,1.985442,22.75401,0.031378
64,rcb,500,26.564494,48,4.783614,19.768579,0.025206
64,rcb,500,26.564494,42,4.344597,20.270788,0.026262
64,rcb,500,26.564494,55,0.420084,24.114419,0.03447
64,rcb,500,26.564494,56,2.997707,21.465976,0.028314
64,rcb,500,26.564494,37,3.110113,21.55428,0.02913
64,rcb,500,26.564494,52,3.6213,20.885459,0.02759
64,rcb,500,26.564494,41,2.368796,22.251221,0.030525
64,rcb,500,26.564494,46,0.177788,24.456636,0.034927
64,rcb,500,26.564494,58,2.19398,22.247168,0.030862
64,rcb,500,26.564494,8,5.468994,19.401225,0.024705
64,rcb,500,26.564494,4,10.405802,14.465122,0.014278
64,rcb,500,26.564494,13,0.113692,24.711748,0.03567
64,rcb,500,26.564494,54,0.949998,23.531164,0.03309
64,rcb,500,26.564494,44,0.127607,24.501502,0.035152
64,rcb,500,26.564494,45,0.103625,24.513401,0.035155
64,rcb,500,26.564494,63,0.366748,24.11911,0.034211
64,rcb,500,26.564494,59,0.58267,23.907299,0.033969
64,rcb,500,26.564494,53,1.2283,23.262704,0.033521
64,rcb,500,26.564494,38,2.685067,21.969168,0.029892
64,rcb,500,26.564494,14,0.158393,24.672714,0.035522
64,rcb,500,26.564494,16,3.015761,21.843491,0.029802
64,rcb,500,26.564494,35,1.978528,22.701723,0.031477
64,rcb,500,26.564494,20,6.621978,18.163517,0.02239
64,rcb,500,26.564494,25,2.147209,22.59057,0.030732
64,rcb,500,26.564494,7,1.655512,23.147158,0.032463
64,rcb,500,26.564494,32,10.90788,13.978163,0.013162
64,rcb,500,26.564494,2,4.93424,19.943586,0.02586
64,rcb,500,26.564494,24,2.124301,22.599177,0.03121
64,rcb,500,26.564494,6,8.513337,16.323648,0.017595
64,rcb,500,26.564494,3,2.385343,22.448643,0.031029
64,rcb,500,26.564494,29,0.201142,24.56497,0.035249
64,rcb,500,26.564494,39,0.593241,24.047593,0.034445
64,rcb,500,26.564494,12,0.104583,24.72506,0.035606
64,rcb,500,26.564494,15,0.147794,24.692483,0.035533
64,rcb,500,26.564494,50,2.609849,21.917261,0.029755
64,rcb,500,26.564494,10,3.380113,21.434366,0.028988
64,rcb,500,26.564494,18,2.11876,22.662767,0.031368
64,rcb,500,26.564494,34,8.501377,16.200092,0.017672
64,rcb,500,26.564494,5,3.646934,21.184728,0.028763
64,rcb,500,26.564494,31,0.340315,24.429164,0.03495
64,rcb,500,26.564494,27,0.644518,24.116415,0.034797
64,rcb,500,26.564494,33,4.559407,20.139902,0.026636
64,rcb,500,26.564494,30,0.354473,24.4207,0.034936
64,rcb,500,26.564494,22,1.127202,23.677276,0.034054
64,rcb,500,26.564494,11,1.89355,22.905803,0.031898
64,rcb,500,26.564494,1,4.752355,20.118051,0.026238
64,rcb,500,26.564494,28,0.212868,24.549838,0.035214
64,rcb,500,26.564494,23,0.719293,24.026651,0.034557
64,rcb,500,26.564494,0,9.245651,15.207835,0.016636
64,rcbincr,125,23.097963,42,4.830593,16.253766,0.072508
64,rcbincr,125,23.097963,43,2.157642,18.894608,0.093994
64,rcbincr,125,23.097963,62,0.435818,20.521064,0.106611
64,rcbincr,125,23.097963,55,0.709956,20.282618,0.105231
64,rcbincr,125,23.097963,46,0.196659,20.89529,0.109989
64,rcbincr,125,23.097963,37,4.050859,17.079726,0.079461
64,rcbincr,125,23.097963,41,2.953893,18.125019,0.087837
64,rcbincr,125,23.097963,61,0.33828,20.612545,0.107588
64,rcbincr,125,23.097963,32,5.722746,15.637416,0.068304
64,rcbincr,125,23.097963,4,5.076627,16.257847,0.073524
64,rcbincr,125,23.097963,17,1.768804,19.460173,0.098806
64,rcbincr,125,23.097963,16,3.650165,17.681196,0.084434
64,rcbincr,125,23.097963,3,2.502069,18.790191,0.093631
64,rcbincr,125,23.097963,57,2.537256,18.368729,0.089525
64,rcbincr,125,23.097963,49,2.733539,18.260117,0.087831
64,rcbincr,125,23.097963,48,3.893216,17.118812,0.079391
64,rcbincr,125,23.097963,54,1.274595,19.652935,0.1
64,rcbincr,125,23.097963,52,4.298414,16.673871,0.075867
64,rcbincr,125,23.097963,63,0.401063,20.546364,0.106945
64,rcbincr,125,23.097963,59,0.882206,20.065494,0.103434
64,rcbincr,125,23.097963,21,2.170503,19.037637,0.095205
64,rcbincr,125,23.097963,22,1.811473,19.451198,0.099202
64,rcbincr,125,23.097963,6,4.092263,17.201736,0.080452
64,rcbincr,125,23.097963,12,0.197354,21.092555,0.112191
64,rcbincr,125,23.097963,7,2.535323,18.739781,0.093172
64,rcbincr,125,23.097963,26,2.617245,18.568415,0.091433
64,rcbincr,125,23.097963,45,0.181895,20.893421,0.110257
64,rcbincr,125,23.097963,53,2.296939,18.648447,0.092647
64,rcbincr,125,23.097963,39,0.768924,20.317986,0.105832
64,rcbincr,125,23.097963,50,2.976,18.008663,0.086613
64,rcbincr,125,23.097963,47,0.177257,20.90396,0.110179
64,rcbincr,125,23.097963,51,2.082328,18.890345,0.093789
64,rcbincr,125,23.097963,56,3.095106,17.823388,0.0844
64,rcbincr,125,23.097963,44,0.199124,20.88563,0.11016
64,rcbincr,125,23.097963,28,0.332011,20.888337,0.110206
64,rcbincr,125,23.097963,25,2.241885,18.946218,0.094093
64,rcbincr,125,23.097963,1,5.150657,16.203426,0.072679
64,rcbincr,125,23.097963,24,2.541771,18.653718,0.092214
64,rcbincr,125,23.097963,19,1.651714,19.571574,0.09907
64,rcbincr,125,23.097963,15,0.163738,21.134215,0.112315
64,rcbincr,125,23.097963,35,2.570708,18.568044,0.091691
64,rcbincr,125,23.097963,34,5.114286,16.052344,0.071099
64,rcbincr,125,23.097963,33,6.146575,15.035858,0.063019
64,rcbincr,125,23.097963,58,3.102737,17.795388,0.085391
64,rcbincr,125,23.097963,38,2.989305,18.12499,0.08778
64,rcbincr,125,23.097963,60,0.377056,20.576369,0.107226
64,rcbincr,125,23.097963,40,5.068486,16.039205,0.071037
64,rcbincr,125,23.097963,36,6.619564,14.54599,0.059239
64,rcbincr,125,23.097963,18,2.680651,18.535949,0.091125
64,rcbincr,125,23.097963,5,4.945945,16.361193,0.074122
64,rcbincr,125,23.097963,13,0.175443,21.105057,0.112245
64,rcbincr,125,23.097963,23,1.119898,20.074455,0.1041
64,rcbincr,125,23.097963,14,0.175484,21.125131,0.112243
64,rcbincr,125,23.097963,2,4.529169,16.813769,0.077694
64,rcbincr,125,23.097963,27,1.301645,19.926675,0.103111
64,rcbincr,125,23.097963,8,6.210789,15.143728,0.063909
64,rcbincr,125,23.097963,9,3.237982,18.039119,0.087335
64,rcbincr,125,23.097963,10,4.317233,16.962026,0.078799
64,rcbincr,125,23.097963,11,2.478686,18.779291,0.093383
64,rcbincr,125,23.097963,30,0.387695,20.852362,0.109762
64,rcbincr,125,23.097963,29,0.303147,20.930805,0.110552
64,rcbincr,125,23.097963,31,0.357694,20.876338,0.110011
64,rcbincr,125,23.097963,20,4.202694,17.052219,0.07974
64,rcbincr,125,23.097963,0,8.948337,12.010991,0.039474
64,rcbincr,250,24.221134,0,9.123819,12.975203,0.023077
64,rcbincr,250,24.221134,34,6.171402,16.158482,0.035143
64,rcbincr,250,24.221134,16,3.445883,19.047759,0.047077
64,rcbincr,250,24.221134,29,0.201898,22.196105,0.059825
64,rcbincr,250,24.221134,5,4.487813,17.963149,0.042946
64,rcbincr,250,24.221134,3,2.57884,19.883049,0.050534
64,rcbincr,250,24.221134,31,0.399085,22.007835,0.058861
64,rcbincr,250,24.221134,41,2.862485,19.382487,0.048324
64,rcbincr,250,24.221134,61,0.225398,21.889336,0.05832
64,rcbincr,250,24.221134,54,0.984555,21.118038,0.055113
64,rcbincr,250,24.221134,49,2.767346,19.395391,0.047993
64,rcbincr,250,24.221134,33,5.624107,16.717293,0.037835
64,rcbincr,250,24.221134,39,0.719704,21.542698,0.057261
64,rcbincr,250,24.221134,43,1.940253,20.282155,0.052051
64,rcbincr,250,24.221134,14,0.183823,22.30305,0.060187
64,rcbincr,250,24.221134,53,2.106922,20.008212,0.051961
64,rcbincr,250,24.221134,1,5.08944,17.421304,0.040501
64,rcbincr,250,24.221134,52,3.561285,18.572026,0.044635
64,rcbincr,250,24.221134,8,6.256866,16.250386,0.035754
64,rcbincr,250,24.221134,51,1.926729,20.211924,0.051603
64,rcbincr,250,24.221134,46,0.20148,22.064831,0.059036
64,rcbincr,250,24.221134,36,6.384051,15.933331,0.034455
64,rcbincr,250,24.221134,62,0.491625,21.639945,0.057132
64,rcbincr,250,24.221134,22,1.366933,21.053367,0.055819
64,rcbincr,250,24.221134,32,7.343447,15.176619,0.031432
64,rcbincr,250,24.221134,12,0.117631,22.31347,0.060361
64,rcbincr,250,24.221134,11,2.287644,20.125826,0.051382
64,rcbincr,250,24.221134,25,2.146585,20.204626,0.051205
64,rcbincr,250,24.221134,24,2.426164,19.943836,0.050631
64,rcbincr,250,24.221134,28,0.217704,22.170368,0.059636
64,rcbincr,250,24.221134,30,0.438412,21.976195,0.05876
64,rcbincr,250,24.221134,20,5.108964,17.297447,0.040077
64,rcbincr,250,24.221134,7,2.351492,20.098218,0.051377
64,rcbincr,250,24.221134,4,6.668603,15.830575,0.034236
64,rcbincr,250,24.221134,15,0.168551,22.308634,0.060283
64,rcbincr,250,24.221134,57,2.402818,19.673487,0.049173
64,rcbincr,250,24.221134,17,1.680887,20.726433,0.053851
64,rcbincr,250,24.221134,38,2.893562,19.388916,0.04829
64,rcbincr,250,24.221134,47,0.188248,22.067798,0.059098
64,rcbincr,250,24.221134,55,0.592393,21.571795,0.057325
64,rcbincr,250,24.221134,48,4.771646,17.408939,0.039699
64,rcbincr,250,24.221134,45,0.116149,22.122296,0.05951
64,rcbincr,250,24.221134,56,3.128218,18.958846,0.046
64,rcbincr,250,24.221134,44,0.123608,22.124449,0.059476
64,rcbincr,250,24.221134,50,2.946691,19.206499,0.047431
64,rcbincr,250,24.221134,37,3.74812,18.544974,0.045012
64,rcbincr,250,24.221134,42,4.700262,17.545718,0.04073
64,rcbincr,250,24.221134,63,0.447722,21.673991,0.057343
64,rcbincr,250,24.221134,59,0.739165,21.379772,0.056342
64,rcbincr,250,24.221134,58,2.872307,19.192974,0.047849
64,rcbincr,250,24.221134,40,4.739663,17.527942,0.040934
64,rcbincr,250,24.221134,21,2.169767,20.20937,0.051671
64,rcbincr,250,24.221134,10,3.781718,18.656783,0.045593
64,rcbincr,250,24.221134,35,2.371347,19.936066,0.050602
64,rcbincr,250,24.221134,18,2.585209,19.812017,0.050004
64,rcbincr,250,24.221134,13,0.110821,22.348828,0.060541
64,rcbincr,250,24.221134,26,2.495405,19.864316,0.050244
64,rcbincr,250,24.221134,60,0.241557,21.861839,0.058177
64,rcbincr,250,24.221134,9,3.061984,19.380042,0.048431
64,rcbincr,250,24.221134,27,1.216223,21.181504,0.056245
64,rcbincr,250,24.221134,23,0.855189,21.515017,0.057439
64,rcbincr,250,24.221134,2,4.584253,17.918671,0.042695
64,rcbincr,250,24.221134,19,1.783308,20.606979,0.052551
64,rcbincr,250,24.221134,6,5.307583,17.160136,0.039176
64,rcbincr,500,28.689044,60,0.236836,26.347722,0.04643
64,rcbincr,500,28.689044,10,4.03771,22.887613,0.039604
64,rcbincr,500,28.689044,7,1.964929,24.967374,0.043844
64,rcbincr,500,28.689044,20,6.623297,20.270533,0.034404
64,rcbincr,500,28.689044,33,5.423595,21.385786,0.037006
64,rcbincr,500,28.689044,9,2.225248,24.681847,0.043248
64,rcbincr,500,28.689044,6,8.21102,18.727213,0.030263
64,rcbincr,500,28.689044,27,0.645031,26.239736,0.046858
64,rcbincr,500,28.689044,11,2.171435,24.744085,0.043361
64,rcbincr,500,28.689044,23,0.719153,26.109771,0.046493
64,rcbincr,500,28.689044,35,2.433795,24.355831,0.042538
64,rcbincr,500,28.689044,25,2.150817,24.663107,0.042686
64,rcbincr,500,28.689044,13,0.113936,26.820595,0.047625
64,rcbincr,500,28.689044,8,6.896149,20.093025,0.027457
64,rcbincr,500,28.689044,34,9.191696,17.618817,0.028248
64,rcbincr,500,28.689044,22,1.124429,25.78207,0.046026
64,rcbincr,500,28.689044,30,0.355106,26.524635,0.046929
64,rcbincr,500,28.689044,26,2.340778,24.506242,0.042835
64,rcbincr,500,28.689044,32,8.882651,18.10808,0.029188
64,rcbincr,500,28.689044,3,2.409679,24.533168,0.042985
64,rcbincr,500,28.689044,17,1.459462,25.423719,0.044734
64,rcbincr,500,28.689044,0,9.260529,17.299328,0.028617
64,rcbincr,500,28.689044,39,0.595976,26.152133,0.046439
64,rcbincr,500,28.689044,40,4.231595,22.511642,0.038826
64,rcbincr,500,28.689044,54,0.95445,25.634703,0.045078
64,rcbincr,500,28.689044,19,1.649491,25.222833,0.04371
64,rcbincr,500,28.689044,43,1.470598,25.234791,0.044345
64,rcbincr,500,28.689044,21,1.980821,24.880259,0.043432
64,rcbincr,500,28.689044,50,2.598664,24.036468,0.041728
64,rcbincr,500,28.689044,61,0.222576,26.372914,0.046513
64,rcbincr,500,28.689044,63,0.366552,26.225999,0.046167
64,rcbincr,500,28.689044,42,4.357439,22.365966,0.038263
64,rcbincr,500,28.689044,37,3.855805,22.916584,0.039639
64,rcbincr,500,28.689044,57,2.131271,24.428823,0.042606
64,rcbincr,500,28.689044,18,2.113444,24.763064,0.043387
64,rcbincr,500,28.689044,49,2.740676,23.905633,0.041041
64,rcbincr,500,28.689044,62,0.411088,26.192252,0.046061
64,rcbincr,500,28.689044,15,0.148913,26.797721,0.047554
64,rcbincr,500,28.689044,53,1.232087,25.366317,0.045479
64,rcbincr,500,28.689044,36,5.104909,21.683383,0.037203
64,rcbincr,500,28.689044,41,2.369463,24.357814,0.0425
64,rcbincr,500,28.689044,38,2.683335,24.079666,0.041859
64,rcbincr,500,28.689044,58,2.449039,24.100156,0.042342
64,rcbincr,500,28.689044,12,0.104504,26.834405,0.047629
64,rcbincr,500,28.689044,55,0.42293,26.218693,0.046414
64,rcbincr,500,28.689044,47,0.159013,26.571914,0.047001
64,rcbincr,500,28.689044,52,3.619609,22.995655,0.039614
64,rcbincr,500,28.689044,51,1.697309,24.926016,0.043634
64,rcbincr,500,28.689044,44,0.127171,26.609705,0.047098
64,rcbincr,500,28.689044,46,0.177851,26.564437,0.046952
64,rcbincr,500,28.689044,59,0.65223,25.944902,0.045752
64,rcbincr,500,28.689044,45,0.102878,26.622773,0.047069
64,rcbincr,500,28.689044,2,4.886891,22.100073,0.038008
64,rcbincr,500,28.689044,48,5.000401,21.660351,0.036685
64,rcbincr,500,28.689044,56,2.751853,23.818122,0.04084
64,rcbincr,500,28.689044,28,0.213097,26.659303,0.047208
64,rcbincr,500,28.689044,14,0.15855,26.79193,0.047489
64,rcbincr,500,28.689044,4,10.381799,16.598457,0.026305
64,rcbincr,500,28.689044,16,3.013798,23.955818,0.041857
64,rcbincr,500,28.689044,24,2.121368,24.729319,0.043327
64,rcbincr,500,28.689044,1,4.760135,22.219863,0.038239
64,rcbincr,500,28.689044,29,0.201887,26.679899,0.047289
64,rcbincr,500,28.689044,31,0.341095,26.538997,0.046947
64,rcbincr,500,28.689044,5,3.637661,23.303094,0.04081
