ntasks,algo,freq,task,alloced,allocs,concurrent,freed,frees
2,hilbert,1,0,5439592,14,3211320,5439592,14
2,hilbert,1,1,5439592,14,3211320,5439592,14
2,gilbert,1,0,5439592,14,3211320,5439592,14
2,gilbert,1,1,5439592,14,3211320,5439592,14
2,rcb,1,0,2097208,2,2097208,2097208,2
2,rcb,1,1,2097208,2,2097208,2097208,2
2,rcbincr,1,0,2097424,5,2097280,2097352,4
2,rcbincr,1,1,2097424,5,2097280,2097352,4
4,hilbert,1,0,6553720,18,3211320,6553720,18
4,hilbert,1,1,6553720,18,3211320,6553720,18
4,hilbert,1,2,6553720,18,3211320,6553720,18
4,hilbert,1,3,6553720,18,3211320,6553720,18
4,gilbert,1,0,6553720,18,3211320,6553720,18
4,gilbert,1,1,6553720,18,3211320,6553720,18
4,gilbert,1,2,6553720,18,3211320,6553720,18
4,gilbert,1,3,6553720,18,3211320,6553720,18
4,rcb,1,0,2097208,2,2097208,2097208,2
4,rcb,1,1,2097208,2,2097208,2097208,2
4,rcb,1,2,2097208,2,2097208,2097208,2
4,rcb,1,3,2097208,2,2097208,2097208,2
4,rcbincr,1,0,2097640,8,2097352,2097496,6
4,rcbincr,1,1,2097640,8,2097352,2097496,6
4,rcbincr,1,2,2097640,8,2097352,2097496,6
4,rcbincr,1,3,2097640,8,2097352,2097496,6
8,hilbert,1,0,6553720,18,3211320,6553720,18
8,hilbert,1,1,6553720,18,3211320,6553720,18
8,hilbert,1,2,6553720,18,3211320,6553720,18
8,hilbert,1,3,6553720,18,3211320,6553720,18
8,hilbert,1,4,6553720,18,3211320,6553720,18
8,hilbert,1,5,6553720,18,3211320,6553720,18
8,hilbert,1,6,6553720,18,3211320,6553720,18
8,hilbert,1,7,6553720,18,3211320,6553720,18
8,gilbert,1,0,5439592,14,3211320,5439592,14
8,gilbert,1,1,5439592,14,3211320,5439592,14
8,gilbert,1,2,5439592,14,3211320,5439592,14
8,gilbert,1,3,5439592,14,3211320,5439592,14
8,gilbert,1,4,5439592,14,3211320,5439592,14
8,gilbert,1,5,5439592,14,3211320,5439592,14
8,gilbert,1,6,5439592,14,3211320,5439592,14
8,gilbert,1,7,5439592,14,3211320,5439592,14
8,rcb,1,0,2097208,2,2097208,2097208,2
8,rcb,1,1,2097208,2,2097208,2097208,2
8,rcb,1,2,2097208,2,2097208,2097208,2
8,rcb,1,3,2097208,2,2097208,2097208,2
8,rcb,1,4,2097208,2,2097208,2097208,2
8,rcb,1,5,2097208,2,2097208,2097208,2
8,rcb,1,6,2097208,2,2097208,2097208,2
8,rcb,1,7,2097208,2,2097208,2097208,2
8,rcbincr,1,0,2098072,14,2097496,2097784,10
8,rcbincr,1,1,2098072,14,2097496,2097784,10
8,rcbincr,1,2,2098072,14,2097496,2097784,10
8,rcbincr,1,3,2098072,14,2097496,2097784,10
8,rcbincr,1,4,2098072,14,2097496,2097784,10
8,rcbincr,1,5,2098072,14,2097496,2097784,10
8,rcbincr,1,6,2098072,14,2097496,2097784,10
8,rcbincr,1,7,2098072,14,2097496,2097784,10
16,hilbert,1,0,6553720,18,3211320,6553720,18
16,hilbert,1,1,6553720,18,3211320,6553720,18
16,hilbert,1,2,6553720,18,3211320,6553720,18
16,hilbert,1,3,6553720,18,3211320,6553720,18
16,hilbert,1,4,6553720,18,3211320,6553720,18
16,hilbert,1,5,6553720,18,3211320,6553720,18
16,hilbert,1,6,6553720,18,3211320,6553720,18
16,hilbert,1,7,6553720,18,3211320,6553720,18
16,hilbert,1,8,6553720,18,3211320,6553720,18
16,hilbert,1,9,6553720,18,3211320,6553720,18
16,hilbert,1,10,6553720,18,3211320,6553720,18
16,hilbert,1,11,6553720,18,3211320,6553720,18
16,hilbert,1,12,6553720,18,3211320,6553720,18
16,hilbert,1,13,6553720,18,3211320,6553720,18
16,hilbert,1,14,6553720,18,3211320,6553720,18
16,hilbert,1,15,6553720,18,3211320,6553720,18
16,gilbert,1,0,6553720,18,3211320,6553720,18
16,gilbert,1,1,6553720,18,3211320,6553720,18
16,gilbert,1,2,6553720,18,3211320,6553720,18
16,gilbert,1,3,6553720,18,3211320,6553720,18
16,gilbert,1,4,6553720,18,3211320,6553720,18
16,gilbert,1,5,6553720,18,3211320,6553720,18
16,gilbert,1,6,6553720,18,3211320,6553720,18
16,gilbert,1,7,6553720,18,3211320,6553720,18
16,gilbert,1,8,6553720,18,3211320,6553720,18
16,gilbert,1,9,6553720,18,3211320,6553720,18
16,gilbert,1,10,6553720,18,3211320,6553720,18
16,gilbert,1,11,6553720,18,3211320,6553720,18
16,gilbert,1,12,6553720,18,3211320,6553720,18
16,gilbert,1,13,6553720,18,3211320,6553720,18
16,gilbert,1,14,6553720,18,3211320,6553720,18
16,gilbert,1,15,6553720,18,3211320,6553720,18
16,rcb,1,0,2097208,2,2097208,2097208,2
16,rcb,1,1,2097208,2,2097208,2097208,2
16,rcb,1,2,2097208,2,2097208,2097208,2
16,rcb,1,3,2097208,2,2097208,2097208,2
16,rcb,1,4,2097208,2,2097208,2097208,2
16,rcb,1,5,2097208,2,2097208,2097208,2
16,rcb,1,6,2097208,2,2097208,2097208,2
16,rcb,1,7,2097208,2,2097208,2097208,2
16,rcb,1,8,2097208,2,2097208,2097208,2
16,rcb,1,9,2097208,2,2097208,2097208,2
16,rcb,1,10,2097208,2,2097208,2097208,2
16,rcb,1,11,2097208,2,2097208,2097208,2
16,rcb,1,12,2097208,2,2097208,2097208,2
16,rcb,1,13,2097208,2,2097208,2097208,2
16,rcb,1,14,2097208,2,2097208,2097208,2
16,rcb,1,15,2097208,2,2097208,2097208,2
16,rcbincr,1,0,2099512,34,2097784,2098936,26
16,rcbincr,1,1,2099512,34,2097784,2098936,26
16,rcbincr,1,2,2099512,34,2097784,2098936,26
16,rcbincr,1,3,2099512,34,2097784,2098936,26
16,rcbincr,1,4,2099512,34,2097784,2098936,26
16,rcbincr,1,5,2099512,34,2097784,2098936,26
16,rcbincr,1,6,2099512,34,2097784,2098936,26
16,rcbincr,1,7,2099512,34,2097784,2098936,26
16,rcbincr,1,8,2099512,34,2097784,2098936,26
16,rcbincr,1,9,2099512,34,2097784,2098936,26
16,rcbincr,1,10,2099512,34,2097784,2098936,26
16,rcbincr,1,11,2099512,34,2097784,2098936,26
16,rcbincr,1,12,2099512,34,2097784,2098936,26
16,rcbincr,1,13,2099512,34,2097784,2098936,26
16,rcbincr,1,14,2099512,34,2097784,2098936,26
16,rcbincr,1,15,2099512,34,2097784,2098936,26
32,hilbert,1,0,7667848,22,3211320,7667848,22
32,hilbert,1,1,7667848,22,3211320,7667848,22
32,hilbert,1,2,7667848,22,3211320,7667848,22
32,hilbert,1,3,7667848,22,3211320,7667848,22
32,hilbert,1,4,7667848,22,3211320,7667848,22
32,hilbert,1,5,7667848,22,3211320,7667848,22
32,hilbert,1,6,7667848,22,3211320,7667848,22
32,hilbert,1,7,7667848,22,3211320,7667848,22
32,hilbert,1,8,7667848,22,3211320,7667848,22
32,hilbert,1,9,7667848,22,3211320,7667848,22
32,hilbert,1,10,7667848,22,3211320,7667848,22
32,hilbert,1,11,7667848,22,3211320,7667848,22
32,hilbert,1,12,7667848,22,3211320,7667848,22
32,hilbert,1,13,7667848,22,3211320,7667848,22
32,hilbert,1,14,7667848,22,3211320,7667848,22
32,hilbert,1,15,7667848,22,3211320,7667848,22
32,hilbert,1,16,7667848,22,3211320,7667848,22
32,hilbert,1,17,7667848,22,3211320,7667848,22
32,hilbert,1,18,7667848,22,3211320,7667848,22
32,hilbert,1,19,7667848,22,3211320,7667848,22
32,hilbert,1,20,7667848,22,3211320,7667848,22
32,hilbert,1,21,7667848,22,3211320,7667848,22
32,hilbert,1,22,7667848,22,3211320,7667848,22
32,hilbert,1,23,7667848,22,3211320,7667848,22
32,hilbert,1,24,7667848,22,3211320,7667848,22
32,hilbert,1,25,7667848,22,3211320,7667848,22
32,hilbert,1,26,7667848,22,3211320,7667848,22
32,hilbert,1,27,7667848,22,3211320,7667848,22
32,hilbert,1,28,7667848,22,3211320,7667848,22
32,hilbert,1,29,7667848,22,3211320,7667848,22
32,hilbert,1,30,7667848,22,3211320,7667848,22
32,hilbert,1,31,7667848,22,3211320,7667848,22
32,gilbert,1,0,7667848,22,3211320,7667848,22
32,gilbert,1,1,7667848,22,3211320,7667848,22
32,gilbert,1,2,7667848,22,3211320,7667848,22
32,gilbert,1,3,7667848,22,3211320,7667848,22
32,gilbert,1,4,7667848,22,3211320,7667848,22
32,gilbert,1,5,7667848,22,3211320,7667848,22
32,gilbert,1,6,7667848,22,3211320,7667848,22
32,gilbert,1,7,7667848,22,3211320,7667848,22
32,gilbert,1,8,7667848,22,3211320,7667848,22
32,gilbert,1,9,7667848,22,3211320,7667848,22
32,gilbert,1,10,7667848,22,3211320,7667848,22
32,gilbert,1,11,7667848,22,3211320,7667848,22
32,gilbert,1,12,7667848,22,3211320,7667848,22
32,gilbert,1,13,7667848,22,3211320,7667848,22
32,gilbert,1,14,7667848,22,3211320,7667848,22
32,gilbert,1,15,7667848,22,3211320,7667848,22
32,gilbert,1,16,7667848,22,3211320,7667848,22
32,gilbert,1,17,7667848,22,3211320,7667848,22
32,gilbert,1,18,7667848,22,3211320,7667848,22
32,gilbert,1,19,7667848,22,3211320,7667848,22
32,gilbert,1,20,7667848,22,3211320,7667848,22
32,gilbert,1,21,7667848,22,3211320,7667848,22
32,gilbert,1,22,7667848,22,3211320,7667848,22
32,gilbert,1,23,7667848,22,3211320,7667848,22
32,gilbert,1,24,7667848,22,3211320,7667848,22
32,gilbert,1,25,7667848,22,3211320,7667848,22
32,gilbert,1,26,7667848,22,3211320,7667848,22
32,gilbert,1,27,7667848,22,3211320,7667848,22
32,gilbert,1,28,7667848,22,3211320,7667848,22
32,gilbert,1,29,7667848,22,3211320,7667848,22
32,gilbert,1,30,7667848,22,3211320,7667848,22
32,gilbert,1,31,7667848,22,3211320,7667848,22
32,rcb,1,0,2097208,2,2097208,2097208,2
32,rcb,1,1,2097208,2,2097208,2097208,2
32,rcb,1,2,2097208,2,2097208,2097208,2
32,rcb,1,3,2097208,2,2097208,2097208,2
32,rcb,1,4,2097208,2,2097208,2097208,2
32,rcb,1,5,2097208,2,2097208,2097208,2
32,rcb,1,6,2097208,2,2097208,2097208,2
32,rcb,1,7,2097208,2,2097208,2097208,2
32,rcb,1,8,2097208,2,2097208,2097208,2
32,rcb,1,9,2097208,2,2097208,2097208,2
32,rcb,1,10,2097208,2,2097208,2097208,2
32,rcb,1,11,2097208,2,2097208,2097208,2
32,rcb,1,12,2097208,2,2097208,2097208,2
32,rcb,1,13,2097208,2,2097208,2097208,2
32,rcb,1,14,2097208,2,2097208,2097208,2
32,rcb,1,15,2097208,2,2097208,2097208,2
32,rcb,1,16,2097208,2,2097208,2097208,2
32,rcb,1,17,2097208,2,2097208,2097208,2
32,rcb,1,18,2097208,2,2097208,2097208,2
32,rcb,1,19,2097208,2,2097208,2097208,2
32,rcb,1,20,2097208,2,2097208,2097208,2
32,rcb,1,21,2097208,2,2097208,2097208,2
32,rcb,1,22,2097208,2,2097208,2097208,2
32,rcb,1,23,2097208,2,2097208,2097208,2
32,rcb,1,24,2097208,2,2097208,2097208,2
32,rcb,1,25,2097208,2,2097208,2097208,2
32,rcb,1,26,2097208,2,2097208,2097208,2
32,rcb,1,27,2097208,2,2097208,2097208,2
32,rcb,1,28,2097208,2,2097208,2097208,2
32,rcb,1,29,2097208,2,2097208,2097208,2
32,rcb,1,30,2097208,2,2097208,2097208,2
32,rcb,1,31,2097208,2,2097208,2097208,2
32,rcbincr,1,0,2100664,50,2098360,2099512,34
32,rcbincr,1,1,2100664,50,2098360,2099512,34
32,rcbincr,1,2,2100664,50,2098360,2099512,34
32,rcbincr,1,3,2100664,50,2098360,2099512,34
32,rcbincr,1,4,2100664,50,2098360,2099512,34
32,rcbincr,1,5,2100664,50,2098360,2099512,34
32,rcbincr,1,6,2100664,50,2098360,2099512,34
32,rcbincr,1,7,2100664,50,2098360,2099512,34
32,rcbincr,1,8,2100664,50,2098360,2099512,34
32,rcbincr,1,9,2100664,50,2098360,2099512,34
32,rcbincr,1,10,2100664,50,2098360,2099512,34
32,rcbincr,1,11,2100664,50,2098360,2099512,34
32,rcbincr,1,12,2100664,50,2098360,2099512,34
32,rcbincr,1,13,2100664,50,2098360,2099512,34
32,rcbincr,1,14,2100664,50,2098360,2099512,34
32,rcbincr,1,15,2100664,50,2098360,2099512,34
32,rcbincr,1,16,2100664,50,2098360,2099512,34
32,rcbincr,1,17,2100664,50,2098360,2099512,34
32,rcbincr,1,18,2100664,50,2098360,2099512,34
32,rcbincr,1,19,2100664,50,2098360,2099512,34
32,rcbincr,1,20,2100664,50,2098360,2099512,34
32,rcbincr,1,21,2100664,50,2098360,2099512,34
32,rcbincr,1,22,2100664,50,2098360,2099512,34
32,rcbincr,1,23,2100664,50,2098360,2099512,34
32,rcbincr,1,24,2100664,50,2098360,2099512,34
32,rcbincr,1,25,2100664,50,2098360,2099512,34
32,rcbincr,1,26,2100664,50,2098360,2099512,34
32,rcbincr,1,27,2100664,50,2098360,2099512,34
32,rcbincr,1,28,2100664,50,2098360,2099512,34
32,rcbincr,1,29,2100664,50,2098360,2099512,34
32,rcbincr,1,30,2100664,50,2098360,2099512,34
32,rcbincr,1,31,2100664,50,2098360,2099512,34
64,hilbert,1,49,7667848,22,3211320,7667848,22
64,hilbert,1,43,7667848,22,3211320,7667848,22
64,hilbert,1,45,7667848,22,3211320,7667848,22
64,hilbert,1,60,7667848,22,3211320,7667848,22
64,hilbert,1,58,7667848,22,3211320,7667848,22
64,hilbert,1,54,7667848,22,3211320,7667848,22
64,hilbert,1,56,7667848,22,3211320,7667848,22
64,hilbert,1,57,7667848,22,3211320,7667848,22
64,hilbert,1,55,7667848,22,3211320,7667848,22
64,hilbert,1,61,7667848,22,3211320,7667848,22
64,hilbert,1,46,7667848,22,3211320,7667848,22
64,hilbert,1,52,7667848,22,3211320,7667848,22
64,hilbert,1,36,7667848,22,3211320,7667848,22
64,hilbert,1,39,7667848,22,3211320,7667848,22
64,hilbert,1,41,7667848,22,3211320,7667848,22
64,hilbert,1,63,7667848,22,3211320,7667848,22
64,hilbert,1,62,7667848,22,3211320,7667848,22
64,hilbert,1,42,7667848,22,3211320,7667848,22
64,hilbert,1,40,7667848,22,3211320,7667848,22
64,hilbert,1,38,7667848,22,3211320,7667848,22
64,hilbert,1,53,7667848,22,3211320,7667848,22
64,hilbert,1,51,7667848,22,3211320,7667848,22
64,hilbert,1,44,7667848,22,3211320,7667848,22
64,hilbert,1,50,7667848,22,3211320,7667848,22
64,hilbert,1,37,7667848,22,3211320,7667848,22
64,hilbert,1,47,7667848,22,3211320,7667848,22
64,hilbert,1,48,7667848,22,3211320,7667848,22
64,hilbert,1,59,7667848,22,3211320,7667848,22
64,hilbert,1,29,7667848,22,3211320,7667848,22
64,hilbert,1,32,7667848,22,3211320,7667848,22
64,hilbert,1,2,7667848,22,3211320,7667848,22
64,hilbert,1,30,7667848,22,3211320,7667848,22
64,hilbert,1,18,7667848,22,3211320,7667848,22
64,hilbert,1,0,7667848,22,3211320,7667848,22
64,hilbert,1,1,7667848,22,3211320,7667848,22
64,hilbert,1,12,7667848,22,3211320,7667848,22
64,hilbert,1,9,7667848,22,3211320,7667848,22
64,hilbert,1,15,7667848,22,3211320,7667848,22
64,hilbert,1,16,7667848,22,3211320,7667848,22
64,hilbert,1,26,7667848,22,3211320,7667848,22
64,hilbert,1,34,7667848,22,3211320,7667848,22
64,hilbert,1,14,7667848,22,3211320,7667848,22
64,hilbert,1,7,7667848,22,3211320,7667848,22
64,hilbert,1,6,7667848,22,3211320,7667848,22
64,hilbert,1,8,7667848,22,3211320,7667848,22
64,hilbert,1,19,7667848,22,3211320,7667848,22
64,hilbert,1,17,7667848,22,3211320,7667848,22
64,hilbert,1,4,7667848,22,3211320,7667848,22
64,hilbert,1,23,7667848,22,3211320,7667848,22
64,hilbert,1,20,7667848,22,3211320,7667848,22
64,hilbert,1,35,7667848,22,3211320,7667848,22
64,hilbert,1,5,7667848,22,3211320,7667848,22
64,hilbert,1,24,7667848,22,3211320,7667848,22
64,hilbert,1,11,7667848,22,3211320,7667848,22
64,hilbert,1,10,7667848,22,3211320,7667848,22
64,hilbert,1,21,7667848,22,3211320,7667848,22
64,hilbert,1,13,7667848,22,3211320,7667848,22
64,hilbert,1,28,7667848,22,3211320,7667848,22
64,hilbert,1,22,7667848,22,3211320,7667848,22
64,hilbert,1,3,7667848,22,3211320,7667848,22
64,hilbert,1,31,7667848,22,3211320,7667848,22
64,hilbert,1,25,7667848,22,3211320,7667848,22
64,hilbert,1,33,7667848,22,3211320,7667848,22
64,hilbert,1,27,7667848,22,3211320,7667848,22
64,gilbert,1,15,7667848,22,3211320,7667848,22
64,gilbert,1,4,7667848,22,3211320,7667848,22
64,gilbert,1,16,7667848,22,3211320,7667848,22
64,gilbert,1,48,7667848,22,3211320,7667848,22
64,gilbert,1,47,7667848,22,3211320,7667848,22
64,gilbert,1,0,7667848,22,3211320,7667848,22
64,gilbert,1,39,7667848,22,3211320,7667848,22
64,gilbert,1,14,7667848,22,3211320,7667848,22
64,gilbert,1,26,7667848,22,3211320,7667848,22
64,gilbert,1,30,7667848,22,3211320,7667848,22
64,gilbert,1,32,7667848,22,3211320,7667848,22
64,gilbert,1,13,7667848,22,3211320,7667848,22
64,gilbert,1,1,7667848,22,3211320,7667848,22
64,gilbert,1,25,7667848,22,3211320,7667848,22
64,gilbert,1,8,7667848,22,3211320,7667848,22
64,gilbert,1,3,7667848,22,3211320,7667848,22
64,gilbert,1,27,7667848,22,3211320,7667848,22
64,gilbert,1,53,7667848,22,3211320,7667848,22
64,gilbert,1,18,7667848,22,3211320,7667848,22
64,gilbert,1,49,7667848,22,3211320,7667848,22
64,gilbert,1,37,7667848,22,3211320,7667848,22
64,gilbert,1,11,7667848,22,3211320,7667848,22
64,gilbert,1,5,7667848,22,3211320,7667848,22
64,gilbert,1,44,7667848,22,3211320,7667848,22
64,gilbert,1,2,7667848,22,3211320,7667848,22
64,gilbert,1,52,7667848,22,3211320,7667848,22
64,gilbert,1,33,7667848,22,3211320,7667848,22
64,gilbert,1,38,7667848,22,3211320,7667848,22
64,gilbert,1,24,7667848,22,3211320,7667848,22
64,gilbert,1,46,7667848,22,3211320,7667848,22
64,gilbert,1,34,7667848,22,3211320,7667848,22
64,gilbert,1,20,7667848,22,3211320,7667848,22
64,gilbert,1,17,7667848,22,3211320,7667848,22
64,gilbert,1,50,7667848,22,3211320,7667848,22
64,gilbert,1,9,7667848,22,3211320,7667848,22
64,gilbert,1,19,7667848,22,3211320,7667848,22
64,gilbert,1,35,7667848,22,3211320,7667848,22
64,gilbert,1,31,7667848,22,3211320,7667848,22
64,gilbert,1,55,7667848,22,3211320,7667848,22
64,gilbert,1,61,7667848,22,3211320,7667848,22
64,gilbert,1,54,7667848,22,3211320,7667848,22
64,gilbert,1,62,7667848,22,3211320,7667848,22
64,gilbert,1,59,7667848,22,3211320,7667848,22
64,gilbert,1,60,7667848,22,3211320,7667848,22
64,gilbert,1,63,7667848,22,3211320,7667848,22
64,gilbert,1,28,7667848,22,3211320,7667848,22
64,gilbert,1,22,7667848,22,3211320,7667848,22
64,gilbert,1,58,7667848,22,3211320,7667848,22
64,gilbert,1,29,7667848,22,3211320,7667848,22
64,gilbert,1,56,7667848,22,3211320,7667848,22
64,gilbert,1,51,7667848,22,3211320,7667848,22
64,gilbert,1,10,7667848,22,3211320,7667848,22
64,gilbert,1,21,7667848,22,3211320,7667848,22
64,gilbert,1,23,7667848,22,3211320,7667848,22
64,gilbert,1,7,7667848,22,3211320,7667848,22
64,gilbert,1,12,7667848,22,3211320,7667848,22
64,gilbert,1,6,7667848,22,3211320,7667848,22
64,gilbert,1,40,7667848,22,3211320,7667848,22
64,gilbert,1,45,7667848,22,3211320,7667848,22
64,gilbert,1,42,7667848,22,3211320,7667848,22
64,gilbert,1,41,7667848,22,3211320,7667848,22
64,gilbert,1,43,7667848,22,3211320,7667848,22
64,gilbert,1,36,7667848,22,3211320,7667848,22
64,gilbert,1,57,7667848,22,3211320,7667848,22
64,rcb,1,24,2097208,2,2097208,2097208,2
64,rcb,1,10,2097208,2,2097208,2097208,2
64,rcb,1,35,2097208,2,2097208,2097208,2
64,rcb,1,5,2097208,2,2097208,2097208,2
64,rcb,1,22,2097208,2,2097208,2097208,2
64,rcb,1,7,2097208,2,2097208,2097208,2
64,rcb,1,31,2097208,2,2097208,2097208,2
64,rcb,1,9,2097208,2,2097208,2097208,2
64,rcb,1,28,2097208,2,2097208,2097208,2
64,rcb,1,12,2097208,2,2097208,2097208,2
64,rcb,1,30,2097208,2,2097208,2097208,2
64,rcb,1,21,2097208,2,2097208,2097208,2
64,rcb,1,23,2097208,2,2097208,2097208,2
64,rcb,1,25,2097208,2,2097208,2097208,2
64,rcb,1,32,2097208,2,2097208,2097208,2
64,rcb,1,26,2097208,2,2097208,2097208,2
64,rcb,1,3,2097208,2,2097208,2097208,2
64,rcb,1,17,2097208,2,2097208,2097208,2
64,rcb,1,38,2097208,2,2097208,2097208,2
64,rcb,1,36,2097208,2,2097208,2097208,2
64,rcb,1,39,2097208,2,2097208,2097208,2
64,rcb,1,29,2097208,2,2097208,2097208,2
64,rcb,1,1,2097208,2,2097208,2097208,2
64,rcb,1,11,2097208,2,2097208,2097208,2
64,rcb,1,45,2097208,2,2097208,2097208,2
64,rcb,1,40,2097208,2,2097208,2097208,2
64,rcb,1,37,2097208,2,2097208,2097208,2
64,rcb,1,16,2097208,2,2097208,2097208,2
64,rcb,1,34,2097208,2,2097208,2097208,2
64,rcb,1,52,2097208,2,2097208,2097208,2
64,rcb,1,43,2097208,2,2097208,2097208,2
64,rcb,1,42,2097208,2,2097208,2097208,2
64,rcb,1,0,2097208,2,2097208,2097208,2
64,rcb,1,49,2097208,2,2097208,2097208,2
64,rcb,1,63,2097208,2,2097208,2097208,2
64,rcb,1,61,2097208,2,2097208,2097208,2
64,rcb,1,60,2097208,2,2097208,2097208,2
64,rcb,1,59,2097208,2,2097208,2097208,2
64,rcb,1,58,2097208,2,2097208,2097208,2
64,rcb,1,57,2097208,2,2097208,2097208,2
64,rcb,1,54,2097208,2,2097208,2097208,2
64,rcb,1,55,2097208,2,2097208,2097208,2
64,rcb,1,56,2097208,2,2097208,2097208,2
64,rcb,1,20,2097208,2,2097208,2097208,2
64,rcb,1,13,2097208,2,2097208,2097208,2
64,rcb,1,8,2097208,2,2097208,2097208,2
64,rcb,1,18,2097208,2,2097208,2097208,2
64,rcb,1,6,2097208,2,2097208,2097208,2
64,rcb,1,19,2097208,2,2097208,2097208,2
64,rcb,1,14,2097208,2,2097208,2097208,2
64,rcb,1,27,2097208,2,2097208,2097208,2
64,rcb,1,2,2097208,2,2097208,2097208,2
64,rcb,1,4,2097208,2,2097208,2097208,2
64,rcb,1,48,2097208,2,2097208,2097208,2
64,rcb,1,41,2097208,2,2097208,2097208,2
64,rcb,1,33,2097208,2,2097208,2097208,2
64,rcb,1,47,2097208,2,2097208,2097208,2
64,rcb,1,44,2097208,2,2097208,2097208,2
64,rcb,1,46,2097208,2,2097208,2097208,2
64,rcb,1,15,2097208,2,2097208,2097208,2
64,rcb,1,51,2097208,2,2097208,2097208,2
64,rcb,1,50,2097208,2,2097208,2097208,2
64,rcb,1,53,2097208,2,2097208,2097208,2
64,rcb,1,62,2097208,2,2097208,2097208,2
64,rcbincr,1,42,2108728,162,2099512,2106424,130
64,rcbincr,1,40,2108728,162,2099512,2106424,130
64,rcbincr,1,49,2108728,162,2099512,2106424,130
64,rcbincr,1,43,2108728,162,2099512,2106424,130
64,rcbincr,1,39,2108728,162,2099512,2106424,130
64,rcbincr,1,53,2108728,162,2099512,2106424,130
64,rcbincr,1,50,2108728,162,2099512,2106424,130
64,rcbincr,1,59,2108728,162,2099512,2106424,130
64,rcbincr,1,63,2108728,162,2099512,2106424,130
64,rcbincr,1,57,2108728,162,2099512,2106424,130
64,rcbincr,1,58,2108728,162,2099512,2106424,130
64,rcbincr,1,60,2108728,162,2099512,2106424,130
64,rcbincr,1,44,2108728,162,2099512,2106424,130
64,rcbincr,1,56,2108728,162,2099512,2106424,130
64,rcbincr,1,62,2108728,162,2099512,2106424,130
64,rcbincr,1,61,2108728,162,2099512,2106424,130
64,rcbincr,1,45,2108728,162,2099512,2106424,130
64,rcbincr,1,54,2108728,162,2099512,2106424,130
64,rcbincr,1,55,2108728,162,2099512,2106424,130
64,rcbincr,1,48,2108728,162,2099512,2106424,130
64,rcbincr,1,51,2108728,162,2099512,2106424,130
64,rcbincr,1,37,2108728,162,2099512,2106424,130
64,rcbincr,1,52,2108728,162,2099512,2106424,130
64,rcbincr,1,47,2108728,162,2099512,2106424,130
64,rcbincr,1,41,2108728,162,2099512,2106424,130
64,rcbincr,1,46,2108728,162,2099512,2106424,130
64,rcbincr,1,38,2108728,162,2099512,2106424,130
64,rcbincr,1,36,2108728,162,2099512,2106424,130
64,rcbincr,1,22,2108728,162,2099512,2106424,130
64,rcbincr,1,29,2108728,162,2099512,2106424,130
64,rcbincr,1,24,2108728,162,2099512,2106424,130
64,rcbincr,1,18,2108728,162,2099512,2106424,130
64,rcbincr,1,14,2108728,162,2099512,2106424,130
64,rcbincr,1,34,2108728,162,2099512,2106424,130
64,rcbincr,1,23,2108728,162,2099512,2106424,130
64,rcbincr,1,1,2108728,162,2099512,2106424,130
64,rcbincr,1,6,2108728,162,2099512,2106424,130
64,rcbincr,1,25,2108728,162,2099512,2106424,130
64,rcbincr,1,3,2108728,162,2099512,2106424,130
64,rcbincr,1,26,2108728,162,2099512,2106424,130
64,rcbincr,1,15,2108728,162,2099512,2106424,130
64,rcbincr,1,31,2108728,162,2099512,2106424,130
64,rcbincr,1,11,2108728,162,2099512,2106424,130
64,rcbincr,1,16,2108728,162,2099512,2106424,130
64,rcbincr,1,28,2108728,162,2099512,2106424,130
64,rcbincr,1,12,2108728,162,2099512,2106424,130
64,rcbincr,1,35,2108728,162,2099512,2106424,130
64,rcbincr,1,9,2108728,162,2099512,2106424,130
64,rcbincr,1,17,2108728,162,2099512,2106424,130
64,rcbincr,1,19,2108728,162,2099512,2106424,130
64,rcbincr,1,21,2108728,162,2099512,2106424,130
64,rcbincr,1,10,2108728,162,2099512,2106424,130
64,rcbincr,1,27,2108728,162,2099512,2106424,130
64,rcbincr,1,0,2108728,162,2099512,2106424,130
64,rcbincr,1,13,2108728,162,2099512,2106424,130
64,rcbincr,1,4,2108728,162,2099512,2106424,130
64,rcbincr,1,7,2108728,162,2099512,2106424,130
64,rcbincr,1,2,2108728,162,2099512,2106424,130
64,rcbincr,1,30,2108728,162,2099512,2106424,130
64,rcbincr,1,20,2108728,162,2099512,2106424,130
64,rcbincr,1,33,2108728,162,2099512,2106424,130
64,rcbincr,1,5,2108728,162,2099512,2106424,130
64,rcbincr,1,8,2108728,162,2099512,2106424,130
64,rcbincr,1,32,2108728,162,2099512,2106424,130
