ntasks,algo,A,r,R,task,alloced,allocs,concurrent,freed,frees
2,hilbert,,,,0,20971624,8,12582968,20971624,8
2,hilbert,,,,1,20971624,8,12582968,20971624,8
2,hilbert,0.25,0.85,1.2,0,29360232,9,20971576,29360232,9
2,hilbert,0.25,0.85,1.2,1,29360232,9,20971576,29360232,9
2,hilbert,0.25,0.85,1.2,0,29360232,9,20971576,29360232,9
2,hilbert,0.25,0.85,1.2,1,29360232,9,20971576,29360232,9
2,hilbert,0.5,0.6,1.6,0,29360232,9,20971576,29360232,9
2,hilbert,0.5,0.6,1.6,1,29360232,9,20971576,29360232,9
2,hilbert,0.5,0.6,1.6,0,29360232,9,20971576,29360232,9
2,hilbert,0.5,0.6,1.6,1,29360232,9,20971576,29360232,9
2,hilbert,0.05,0.92,1.08,0,29360232,9,20971576,29360232,9
2,hilbert,0.05,0.92,1.08,1,29360232,9,20971576,29360232,9
2,hilbert,0.05,0.92,1.08,0,29360232,9,20971576,29360232,9
2,hilbert,0.05,0.92,1.08,1,29360232,9,20971576,29360232,9
2,rcb,,,,0,8388880,5,8388880,8388664,2
2,rcb,,,,1,8388880,5,8388880,8388664,2
2,rcb,0.25,0.85,1.2,0,16777488,6,16777488,16777272,3
2,rcb,0.25,0.85,1.2,1,16777488,6,16777488,16777272,3
2,rcb,0.25,0.85,1.2,0,16777488,6,16777488,16777272,3
2,rcb,0.25,0.85,1.2,1,16777488,6,16777488,16777272,3
2,rcb,0.5,0.6,1.6,0,16777488,6,16777488,16777272,3
2,rcb,0.5,0.6,1.6,1,16777488,6,16777488,16777272,3
2,rcb,0.5,0.6,1.6,0,16777488,6,16777488,16777272,3
2,rcb,0.5,0.6,1.6,1,16777488,6,16777488,16777272,3
2,rcb,0.05,0.92,1.08,0,16777488,6,16777488,16777272,3
2,rcb,0.05,0.92,1.08,1,16777488,6,16777488,16777272,3
2,rcb,0.05,0.92,1.08,0,16777488,6,16777488,16777272,3
2,rcb,0.05,0.92,1.08,1,16777488,6,16777488,16777272,3
4,hilbert,,,,0,46137544,20,12582968,46137544,20
4,hilbert,,,,1,46137544,20,12582968,46137544,20
4,hilbert,,,,2,46137544,20,12582968,46137544,20
4,hilbert,,,,3,46137544,20,12582968,46137544,20
4,hilbert,0.25,0.85,1.2,0,58720472,23,20971576,58720472,23
4,hilbert,0.25,0.85,1.2,1,58720472,23,20971576,58720472,23
4,hilbert,0.25,0.85,1.2,2,58720472,23,20971576,58720472,23
4,hilbert,0.25,0.85,1.2,3,58720472,23,20971576,58720472,23
4,hilbert,0.25,0.85,1.2,0,50331832,19,20971576,50331832,19
4,hilbert,0.25,0.85,1.2,1,50331832,19,20971576,50331832,19
4,hilbert,0.25,0.85,1.2,2,50331832,19,20971576,50331832,19
4,hilbert,0.25,0.85,1.2,3,50331832,19,20971576,50331832,19
4,hilbert,0.5,0.6,1.6,0,58720472,23,20971576,58720472,23
4,hilbert,0.5,0.6,1.6,1,58720472,23,20971576,58720472,23
4,hilbert,0.5,0.6,1.6,2,58720472,23,20971576,58720472,23
4,hilbert,0.5,0.6,1.6,3,58720472,23,20971576,58720472,23
4,hilbert,0.5,0.6,1.6,0,50331832,19,20971576,50331832,19
4,hilbert,0.5,0.6,1.6,1,50331832,19,20971576,50331832,19
4,hilbert,0.5,0.6,1.6,2,50331832,19,20971576,50331832,19
4,hilbert,0.5,0.6,1.6,3,50331832,19,20971576,50331832,19
4,hilbert,0.05,0.92,1.08,0,54526152,21,20971576,54526152,21
4,hilbert,0.05,0.92,1.08,1,54526152,21,20971576,54526152,21
4,hilbert,0.05,0.92,1.08,2,54526152,21,20971576,54526152,21
4,hilbert,0.05,0.92,1.08,3,54526152,21,20971576,54526152,21
4,hilbert,0.05,0.92,1.08,0,58720472,23,20971576,58720472,23
4,hilbert,0.05,0.92,1.08,1,58720472,23,20971576,58720472,23
4,hilbert,0.05,0.92,1.08,2,58720472,23,20971576,58720472,23
4,hilbert,0.05,0.92,1.08,3,58720472,23,20971576,58720472,23
4,rcb,,,,0,8389816,18,8389816,8388664,2
4,rcb,,,,1,8389816,18,8389816,8388664,2
4,rcb,,,,2,8389816,18,8389816,8388664,2
4,rcb,,,,3,8389816,18,8389816,8388664,2
4,rcb,0.25,0.85,1.2,0,16778568,21,16778568,16777272,3
4,rcb,0.25,0.85,1.2,1,16778568,21,16778568,16777272,3
4,rcb,0.25,0.85,1.2,2,16778568,21,16778568,16777272,3
4,rcb,0.25,0.85,1.2,3,16778568,21,16778568,16777272,3
4,rcb,0.25,0.85,1.2,0,16778424,19,16778424,16777272,3
4,rcb,0.25,0.85,1.2,1,16778424,19,16778424,16777272,3
4,rcb,0.25,0.85,1.2,2,16778424,19,16778424,16777272,3
4,rcb,0.25,0.85,1.2,3,16778424,19,16778424,16777272,3
4,rcb,0.5,0.6,1.6,0,16778712,23,16778712,16777272,3
4,rcb,0.5,0.6,1.6,1,16778712,23,16778712,16777272,3
4,rcb,0.5,0.6,1.6,2,16778712,23,16778712,16777272,3
4,rcb,0.5,0.6,1.6,3,16778712,23,16778712,16777272,3
4,rcb,0.5,0.6,1.6,0,16778424,19,16778424,16777272,3
4,rcb,0.5,0.6,1.6,1,16778424,19,16778424,16777272,3
4,rcb,0.5,0.6,1.6,2,16778424,19,16778424,16777272,3
4,rcb,0.5,0.6,1.6,3,16778424,19,16778424,16777272,3
4,rcb,0.05,0.92,1.08,0,16778568,21,16778568,16777272,3
4,rcb,0.05,0.92,1.08,1,16778568,21,16778568,16777272,3
4,rcb,0.05,0.92,1.08,2,16778568,21,16778568,16777272,3
4,rcb,0.05,0.92,1.08,3,16778568,21,16778568,16777272,3
4,rcb,0.05,0.92,1.08,0,16778712,23,16778712,16777272,3
4,rcb,0.05,0.92,1.08,1,16778712,23,16778712,16777272,3
4,rcb,0.05,0.92,1.08,2,16778712,23,16778712,16777272,3
4,rcb,0.05,0.92,1.08,3,16778712,23,16778712,16777272,3
8,hilbert,,,,0,46137544,20,12582968,46137544,20
8,hilbert,,,,1,46137544,20,12582968,46137544,20
8,hilbert,,,,2,46137544,20,12582968,46137544,20
8,hilbert,,,,3,46137544,20,12582968,46137544,20
8,hilbert,,,,4,46137544,20,12582968,46137544,20
8,hilbert,,,,5,46137544,20,12582968,46137544,20
8,hilbert,,,,6,46137544,20,12582968,46137544,20
8,hilbert,,,,7,46137544,20,12582968,46137544,20
8,hilbert,0.25,0.85,1.2,0,58720472,23,20971576,58720472,23
8,hilbert,0.25,0.85,1.2,1,58720472,23,20971576,58720472,23
8,hilbert,0.25,0.85,1.2,2,58720472,23,20971576,58720472,23
8,hilbert,0.25,0.85,1.2,3,58720472,23,20971576,58720472,23
8,hilbert,0.25,0.85,1.2,4,58720472,23,20971576,58720472,23
8,hilbert,0.25,0.85,1.2,5,58720472,23,20971576,58720472,23
8,hilbert,0.25,0.85,1.2,6,58720472,23,20971576,58720472,23
8,hilbert,0.25,0.85,1.2,7,58720472,23,20971576,58720472,23
8,hilbert,0.25,0.85,1.2,0,50331832,19,20971576,50331832,19
8,hilbert,0.25,0.85,1.2,1,50331832,19,20971576,50331832,19
8,hilbert,0.25,0.85,1.2,2,50331832,19,20971576,50331832,19
8,hilbert,0.25,0.85,1.2,3,50331832,19,20971576,50331832,19
8,hilbert,0.25,0.85,1.2,4,50331832,19,20971576,50331832,19
8,hilbert,0.25,0.85,1.2,5,50331832,19,20971576,50331832,19
8,hilbert,0.25,0.85,1.2,6,50331832,19,20971576,50331832,19
8,hilbert,0.25,0.85,1.2,7,50331832,19,20971576,50331832,19
8,hilbert,0.5,0.6,1.6,0,58720472,23,20971576,58720472,23
8,hilbert,0.5,0.6,1.6,1,58720472,23,20971576,58720472,23
8,hilbert,0.5,0.6,1.6,2,58720472,23,20971576,58720472,23
8,hilbert,0.5,0.6,1.6,3,58720472,23,20971576,58720472,23
8,hilbert,0.5,0.6,1.6,4,58720472,23,20971576,58720472,23
8,hilbert,0.5,0.6,1.6,5,58720472,23,20971576,58720472,23
8,hilbert,0.5,0.6,1.6,6,58720472,23,20971576,58720472,23
8,hilbert,0.5,0.6,1.6,7,58720472,23,20971576,58720472,23
8,hilbert,0.5,0.6,1.6,0,54526152,21,20971576,54526152,21
8,hilbert,0.5,0.6,1.6,1,54526152,21,20971576,54526152,21
8,hilbert,0.5,0.6,1.6,2,54526152,21,20971576,54526152,21
8,hilbert,0.5,0.6,1.6,3,54526152,21,20971576,54526152,21
8,hilbert,0.5,0.6,1.6,4,54526152,21,20971576,54526152,21
8,hilbert,0.5,0.6,1.6,5,54526152,21,20971576,54526152,21
8,hilbert,0.5,0.6,1.6,6,54526152,21,20971576,54526152,21
8,hilbert,0.5,0.6,1.6,7,54526152,21,20971576,54526152,21
8,hilbert,0.05,0.92,1.08,0,54526152,21,20971576,54526152,21
8,hilbert,0.05,0.92,1.08,1,54526152,21,20971576,54526152,21
8,hilbert,0.05,0.92,1.08,2,54526152,21,20971576,54526152,21
8,hilbert,0.05,0.92,1.08,3,54526152,21,20971576,54526152,21
8,hilbert,0.05,0.92,1.08,4,54526152,21,20971576,54526152,21
8,hilbert,0.05,0.92,1.08,5,54526152,21,20971576,54526152,21
8,hilbert,0.05,0.92,1.08,6,54526152,21,20971576,54526152,21
8,hilbert,0.05,0.92,1.08,7,54526152,21,20971576,54526152,21
8,hilbert,0.05,0.92,1.08,0,58720472,23,20971576,58720472,23
8,hilbert,0.05,0.92,1.08,1,58720472,23,20971576,58720472,23
8,hilbert,0.05,0.92,1.08,2,58720472,23,20971576,58720472,23
8,hilbert,0.05,0.92,1.08,3,58720472,23,20971576,58720472,23
8,hilbert,0.05,0.92,1.08,4,58720472,23,20971576,58720472,23
8,hilbert,0.05,0.92,1.08,5,58720472,23,20971576,58720472,23
8,hilbert,0.05,0.92,1.08,6,58720472,23,20971576,58720472,23
8,hilbert,0.05,0.92,1.08,7,58720472,23,20971576,58720472,23
8,rcb,,,,0,8391256,38,8391256,8388664,2
8,rcb,,,,1,8391256,38,8391256,8388664,2
8,rcb,,,,2,8391256,38,8391256,8388664,2
8,rcb,,,,3,8391256,38,8391256,8388664,2
8,rcb,,,,4,8391256,38,8391256,8388664,2
8,rcb,,,,5,8391256,38,8391256,8388664,2
8,rcb,,,,6,8391256,38,8391256,8388664,2
8,rcb,,,,7,8391256,38,8391256,8388664,2
8,rcb,0.25,0.85,1.2,0,16779864,39,16779864,16777272,3
8,rcb,0.25,0.85,1.2,1,16779864,39,16779864,16777272,3
8,rcb,0.25,0.85,1.2,2,16779864,39,16779864,16777272,3
8,rcb,0.25,0.85,1.2,3,16779864,39,16779864,16777272,3
8,rcb,0.25,0.85,1.2,4,16779864,39,16779864,16777272,3
8,rcb,0.25,0.85,1.2,5,16779864,39,16779864,16777272,3
8,rcb,0.25,0.85,1.2,6,16779864,39,16779864,16777272,3
8,rcb,0.25,0.85,1.2,7,16779864,39,16779864,16777272,3
8,rcb,0.25,0.85,1.2,0,16779576,35,16779576,16777272,3
8,rcb,0.25,0.85,1.2,1,16779576,35,16779576,16777272,3
8,rcb,0.25,0.85,1.2,2,16779576,35,16779576,16777272,3
8,rcb,0.25,0.85,1.2,3,16779576,35,16779576,16777272,3
8,rcb,0.25,0.85,1.2,4,16779576,35,16779576,16777272,3
8,rcb,0.25,0.85,1.2,5,16779576,35,16779576,16777272,3
8,rcb,0.25,0.85,1.2,6,16779576,35,16779576,16777272,3
8,rcb,0.25,0.85,1.2,7,16779576,35,16779576,16777272,3
8,rcb,0.5,0.6,1.6,0,16780152,43,16780152,16777272,3
8,rcb,0.5,0.6,1.6,1,16780152,43,16780152,16777272,3
8,rcb,0.5,0.6,1.6,2,16780152,43,16780152,16777272,3
8,rcb,0.5,0.6,1.6,3,16780152,43,16780152,16777272,3
8,rcb,0.5,0.6,1.6,4,16780152,43,16780152,16777272,3
8,rcb,0.5,0.6,1.6,5,16780152,43,16780152,16777272,3
8,rcb,0.5,0.6,1.6,6,16780152,43,16780152,16777272,3
8,rcb,0.5,0.6,1.6,7,16780152,43,16780152,16777272,3
8,rcb,0.5,0.6,1.6,0,16779864,39,16779864,16777272,3
8,rcb,0.5,0.6,1.6,1,16779864,39,16779864,16777272,3
8,rcb,0.5,0.6,1.6,2,16779864,39,16779864,16777272,3
8,rcb,0.5,0.6,1.6,3,16779864,39,16779864,16777272,3
8,rcb,0.5,0.6,1.6,4,16779864,39,16779864,16777272,3
8,rcb,0.5,0.6,1.6,5,16779864,39,16779864,16777272,3
8,rcb,0.5,0.6,1.6,6,16779864,39,16779864,16777272,3
8,rcb,0.5,0.6,1.6,7,16779864,39,16779864,16777272,3
8,rcb,0.05,0.92,1.08,0,16779864,39,16779864,16777272,3
8,rcb,0.05,0.92,1.08,1,16779864,39,16779864,16777272,3
8,rcb,0.05,0.92,1.08,2,16779864,39,16779864,16777272,3
8,rcb,0.05,0.92,1.08,3,16779864,39,16779864,16777272,3
8,rcb,0.05,0.92,1.08,4,16779864,39,16779864,16777272,3
8,rcb,0.05,0.92,1.08,5,16779864,39,16779864,16777272,3
8,rcb,0.05,0.92,1.08,6,16779864,39,16779864,16777272,3
8,rcb,0.05,0.92,1.08,7,16779864,39,16779864,16777272,3
8,rcb,0.05,0.92,1.08,0,16780152,43,16780152,16777272,3
8,rcb,0.05,0.92,1.08,1,16780152,43,16780152,16777272,3
8,rcb,0.05,0.92,1.08,2,16780152,43,16780152,16777272,3
8,rcb,0.05,0.92,1.08,3,16780152,43,16780152,16777272,3
8,rcb,0.05,0.92,1.08,4,16780152,43,16780152,16777272,3
8,rcb,0.05,0.92,1.08,5,16780152,43,16780152,16777272,3
8,rcb,0.05,0.92,1.08,6,16780152,43,16780152,16777272,3
8,rcb,0.05,0.92,1.08,7,16780152,43,16780152,16777272,3
16,hilbert,,,,0,20971624,8,12582968,20971624,8
16,hilbert,,,,1,20971624,8,12582968,20971624,8
16,hilbert,,,,2,20971624,8,12582968,20971624,8
16,hilbert,,,,3,20971624,8,12582968,20971624,8
16,hilbert,,,,4,20971624,8,12582968,20971624,8
16,hilbert,,,,5,20971624,8,12582968,20971624,8
16,hilbert,,,,6,20971624,8,12582968,20971624,8
16,hilbert,,,,7,20971624,8,12582968,20971624,8
16,hilbert,,,,8,20971624,8,12582968,20971624,8
16,hilbert,,,,9,20971624,8,12582968,20971624,8
16,hilbert,,,,10,20971624,8,12582968,20971624,8
16,hilbert,,,,11,20971624,8,12582968,20971624,8
16,hilbert,,,,12,20971624,8,12582968,20971624,8
16,hilbert,,,,13,20971624,8,12582968,20971624,8
16,hilbert,,,,14,20971624,8,12582968,20971624,8
16,hilbert,,,,15,20971624,8,12582968,20971624,8
16,hilbert,0.25,0.85,1.2,0,29360232,9,20971576,29360232,9
16,hilbert,0.25,0.85,1.2,1,29360232,9,20971576,29360232,9
16,hilbert,0.25,0.85,1.2,2,29360232,9,20971576,29360232,9
16,hilbert,0.25,0.85,1.2,3,29360232,9,20971576,29360232,9
16,hilbert,0.25,0.85,1.2,4,29360232,9,20971576,29360232,9
16,hilbert,0.25,0.85,1.2,5,29360232,9,20971576,29360232,9
16,hilbert,0.25,0.85,1.2,6,29360232,9,20971576,29360232,9
16,hilbert,0.25,0.85,1.2,7,29360232,9,20971576,29360232,9
16,hilbert,0.25,0.85,1.2,8,29360232,9,20971576,29360232,9
16,hilbert,0.25,0.85,1.2,9,29360232,9,20971576,29360232,9
16,hilbert,0.25,0.85,1.2,10,29360232,9,20971576,29360232,9
16,hilbert,0.25,0.85,1.2,11,29360232,9,20971576,29360232,9
16,hilbert,0.25,0.85,1.2,12,29360232,9,20971576,29360232,9
16,hilbert,0.25,0.85,1.2,13,29360232,9,20971576,29360232,9
16,hilbert,0.25,0.85,1.2,14,29360232,9,20971576,29360232,9
16,hilbert,0.25,0.85,1.2,15,29360232,9,20971576,29360232,9
16,hilbert,0.25,0.85,1.2,0,29360232,9,20971576,29360232,9
16,hilbert,0.25,0.85,1.2,1,29360232,9,20971576,29360232,9
16,hilbert,0.25,0.85,1.2,2,29360232,9,20971576,29360232,9
16,hilbert,0.25,0.85,1.2,3,29360232,9,20971576,29360232,9
16,hilbert,0.25,0.85,1.2,4,29360232,9,20971576,29360232,9
16,hilbert,0.25,0.85,1.2,5,29360232,9,20971576,29360232,9
16,hilbert,0.25,0.85,1.2,6,29360232,9,20971576,29360232,9
16,hilbert,0.25,0.85,1.2,7,29360232,9,20971576,29360232,9
16,hilbert,0.25,0.85,1.2,8,29360232,9,20971576,29360232,9
16,hilbert,0.25,0.85,1.2,9,29360232,9,20971576,29360232,9
16,hilbert,0.25,0.85,1.2,10,29360232,9,20971576,29360232,9
16,hilbert,0.25,0.85,1.2,11,29360232,9,20971576,29360232,9
16,hilbert,0.25,0.85,1.2,12,29360232,9,20971576,29360232,9
16,hilbert,0.25,0.85,1.2,13,29360232,9,20971576,29360232,9
16,hilbert,0.25,0.85,1.2,14,29360232,9,20971576,29360232,9
16,hilbert,0.25,0.85,1.2,15,29360232,9,20971576,29360232,9
16,hilbert,0.5,0.6,1.6,0,29360232,9,20971576,29360232,9
16,hilbert,0.5,0.6,1.6,1,29360232,9,20971576,29360232,9
16,hilbert,0.5,0.6,1.6,2,29360232,9,20971576,29360232,9
16,hilbert,0.5,0.6,1.6,3,29360232,9,20971576,29360232,9
16,hilbert,0.5,0.6,1.6,4,29360232,9,20971576,29360232,9
16,hilbert,0.5,0.6,1.6,5,29360232,9,20971576,29360232,9
16,hilbert,0.5,0.6,1.6,6,29360232,9,20971576,29360232,9
16,hilbert,0.5,0.6,1.6,7,29360232,9,20971576,29360232,9
16,hilbert,0.5,0.6,1.6,8,29360232,9,20971576,29360232,9
16,hilbert,0.5,0.6,1.6,9,29360232,9,20971576,29360232,9
16,hilbert,0.5,0.6,1.6,10,29360232,9,20971576,29360232,9
16,hilbert,0.5,0.6,1.6,11,29360232,9,20971576,29360232,9
16,hilbert,0.5,0.6,1.6,12,29360232,9,20971576,29360232,9
16,hilbert,0.5,0.6,1.6,13,29360232,9,20971576,29360232,9
16,hilbert,0.5,0.6,1.6,14,29360232,9,20971576,29360232,9
16,hilbert,0.5,0.6,1.6,15,29360232,9,20971576,29360232,9
16,hilbert,0.5,0.6,1.6,0,29360232,9,20971576,29360232,9
16,hilbert,0.5,0.6,1.6,1,29360232,9,20971576,29360232,9
16,hilbert,0.5,0.6,1.6,2,29360232,9,20971576,29360232,9
16,hilbert,0.5,0.6,1.6,3,29360232,9,20971576,29360232,9
16,hilbert,0.5,0.6,1.6,4,29360232,9,20971576,29360232,9
16,hilbert,0.5,0.6,1.6,5,29360232,9,20971576,29360232,9
16,hilbert,0.5,0.6,1.6,6,29360232,9,20971576,29360232,9
16,hilbert,0.5,0.6,1.6,7,29360232,9,20971576,29360232,9
16,hilbert,0.5,0.6,1.6,8,29360232,9,20971576,29360232,9
16,hilbert,0.5,0.6,1.6,9,29360232,9,20971576,29360232,9
16,hilbert,0.5,0.6,1.6,10,29360232,9,20971576,29360232,9
16,hilbert,0.5,0.6,1.6,11,29360232,9,20971576,29360232,9
16,hilbert,0.5,0.6,1.6,12,29360232,9,20971576,29360232,9
16,hilbert,0.5,0.6,1.6,13,29360232,9,20971576,29360232,9
16,hilbert,0.5,0.6,1.6,14,29360232,9,20971576,29360232,9
16,hilbert,0.5,0.6,1.6,15,29360232,9,20971576,29360232,9
16,hilbert,0.05,0.92,1.08,0,29360232,9,20971576,29360232,9
16,hilbert,0.05,0.92,1.08,1,29360232,9,20971576,29360232,9
16,hilbert,0.05,0.92,1.08,2,29360232,9,20971576,29360232,9
16,hilbert,0.05,0.92,1.08,3,29360232,9,20971576,29360232,9
16,hilbert,0.05,0.92,1.08,4,29360232,9,20971576,29360232,9
16,hilbert,0.05,0.92,1.08,5,29360232,9,20971576,29360232,9
16,hilbert,0.05,0.92,1.08,6,29360232,9,20971576,29360232,9
16,hilbert,0.05,0.92,1.08,7,29360232,9,20971576,29360232,9
16,hilbert,0.05,0.92,1.08,8,29360232,9,20971576,29360232,9
16,hilbert,0.05,0.92,1.08,9,29360232,9,20971576,29360232,9
16,hilbert,0.05,0.92,1.08,10,29360232,9,20971576,29360232,9
16,hilbert,0.05,0.92,1.08,11,29360232,9,20971576,29360232,9
16,hilbert,0.05,0.92,1.08,12,29360232,9,20971576,29360232,9
16,hilbert,0.05,0.92,1.08,13,29360232,9,20971576,29360232,9
16,hilbert,0.05,0.92,1.08,14,29360232,9,20971576,29360232,9
16,hilbert,0.05,0.92,1.08,15,29360232,9,20971576,29360232,9
16,hilbert,0.05,0.92,1.08,0,29360232,9,20971576,29360232,9
16,hilbert,0.05,0.92,1.08,1,29360232,9,20971576,29360232,9
16,hilbert,0.05,0.92,1.08,2,29360232,9,20971576,29360232,9
16,hilbert,0.05,0.92,1.08,3,29360232,9,20971576,29360232,9
16,hilbert,0.05,0.92,1.08,4,29360232,9,20971576,29360232,9
16,hilbert,0.05,0.92,1.08,5,29360232,9,20971576,29360232,9
16,hilbert,0.05,0.92,1.08,6,29360232,9,20971576,29360232,9
16,hilbert,0.05,0.92,1.08,7,29360232,9,20971576,29360232,9
16,hilbert,0.05,0.92,1.08,8,29360232,9,20971576,29360232,9
16,hilbert,0.05,0.92,1.08,9,29360232,9,20971576,29360232,9
16,hilbert,0.05,0.92,1.08,10,29360232,9,20971576,29360232,9
16,hilbert,0.05,0.92,1.08,11,29360232,9,20971576,29360232,9
16,hilbert,0.05,0.92,1.08,12,29360232,9,20971576,29360232,9
16,hilbert,0.05,0.92,1.08,13,29360232,9,20971576,29360232,9
16,hilbert,0.05,0.92,1.08,14,29360232,9,20971576,29360232,9
16,hilbert,0.05,0.92,1.08,15,29360232,9,20971576,29360232,9
16,rcb,,,,0,8390392,26,8390392,8388664,2
16,rcb,,,,1,8390392,26,8390392,8388664,2
16,rcb,,,,2,8390392,26,8390392,8388664,2
16,rcb,,,,3,8390392,26,8390392,8388664,2
16,rcb,,,,4,8390392,26,8390392,8388664,2
16,rcb,,,,5,8390392,26,8390392,8388664,2
16,rcb,,,,6,8390392,26,8390392,8388664,2
16,rcb,,,,7,8390392,26,8390392,8388664,2
16,rcb,,,,8,8390392,26,8390392,8388664,2
16,rcb,,,,9,8390392,26,8390392,8388664,2
16,rcb,,,,10,8390392,26,8390392,8388664,2
16,rcb,,,,11,8390392,26,8390392,8388664,2
16,rcb,,,,12,8390392,26,8390392,8388664,2
16,rcb,,,,13,8390392,26,8390392,8388664,2
16,rcb,,,,14,8390392,26,8390392,8388664,2
16,rcb,,,,15,8390392,26,8390392,8388664,2
16,rcb,0.25,0.85,1.2,0,16779000,27,16779000,16777272,3
16,rcb,0.25,0.85,1.2,1,16779000,27,16779000,16777272,3
16,rcb,0.25,0.85,1.2,2,16779000,27,16779000,16777272,3
16,rcb,0.25,0.85,1.2,3,16779000,27,16779000,16777272,3
16,rcb,0.25,0.85,1.2,4,16779000,27,16779000,16777272,3
16,rcb,0.25,0.85,1.2,5,16779000,27,16779000,16777272,3
16,rcb,0.25,0.85,1.2,6,16779000,27,16779000,16777272,3
16,rcb,0.25,0.85,1.2,7,16779000,27,16779000,16777272,3
16,rcb,0.25,0.85,1.2,8,16779000,27,16779000,16777272,3
16,rcb,0.25,0.85,1.2,9,16779000,27,16779000,16777272,3
16,rcb,0.25,0.85,1.2,10,16779000,27,16779000,16777272,3
16,rcb,0.25,0.85,1.2,11,16779000,27,16779000,16777272,3
16,rcb,0.25,0.85,1.2,12,16779000,27,16779000,16777272,3
16,rcb,0.25,0.85,1.2,13,16779000,27,16779000,16777272,3
16,rcb,0.25,0.85,1.2,14,16779000,27,16779000,16777272,3
16,rcb,0.25,0.85,1.2,15,16779000,27,16779000,16777272,3
16,rcb,0.25,0.85,1.2,0,16779000,27,16779000,16777272,3
16,rcb,0.25,0.85,1.2,1,16779000,27,16779000,16777272,3
16,rcb,0.25,0.85,1.2,2,16779000,27,16779000,16777272,3
16,rcb,0.25,0.85,1.2,3,16779000,27,16779000,16777272,3
16,rcb,0.25,0.85,1.2,4,16779000,27,16779000,16777272,3
16,rcb,0.25,0.85,1.2,5,16779000,27,16779000,16777272,3
16,rcb,0.25,0.85,1.2,6,16779000,27,16779000,16777272,3
16,rcb,0.25,0.85,1.2,7,16779000,27,16779000,16777272,3
16,rcb,0.25,0.85,1.2,8,16779000,27,16779000,16777272,3
16,rcb,0.25,0.85,1.2,9,16779000,27,16779000,16777272,3
16,rcb,0.25,0.85,1.2,10,16779000,27,16779000,16777272,3
16,rcb,0.25,0.85,1.2,11,16779000,27,16779000,16777272,3
16,rcb,0.25,0.85,1.2,12,16779000,27,16779000,16777272,3
16,rcb,0.25,0.85,1.2,13,16779000,27,16779000,16777272,3
16,rcb,0.25,0.85,1.2,14,16779000,27,16779000,16777272,3
16,rcb,0.25,0.85,1.2,15,16779000,27,16779000,16777272,3
16,rcb,0.5,0.6,1.6,0,16779000,27,16779000,16777272,3
16,rcb,0.5,0.6,1.6,1,16779000,27,16779000,16777272,3
16,rcb,0.5,0.6,1.6,2,16779000,27,16779000,16777272,3
16,rcb,0.5,0.6,1.6,3,16779000,27,16779000,16777272,3
16,rcb,0.5,0.6,1.6,4,16779000,27,16779000,16777272,3
16,rcb,0.5,0.6,1.6,5,16779000,27,16779000,16777272,3
16,rcb,0.5,0.6,1.6,6,16779000,27,16779000,16777272,3
16,rcb,0.5,0.6,1.6,7,16779000,27,16779000,16777272,3
16,rcb,0.5,0.6,1.6,8,16779000,27,16779000,16777272,3
16,rcb,0.5,0.6,1.6,9,16779000,27,16779000,16777272,3
16,rcb,0.5,0.6,1.6,10,16779000,27,16779000,16777272,3
16,rcb,0.5,0.6,1.6,11,16779000,27,16779000,16777272,3
16,rcb,0.5,0.6,1.6,12,16779000,27,16779000,16777272,3
16,rcb,0.5,0.6,1.6,13,16779000,27,16779000,16777272,3
16,rcb,0.5,0.6,1.6,14,16779000,27,16779000,16777272,3
16,rcb,0.5,0.6,1.6,15,16779000,27,16779000,16777272,3
16,rcb,0.5,0.6,1.6,0,16779000,27,16779000,16777272,3
16,rcb,0.5,0.6,1.6,1,16779000,27,16779000,16777272,3
16,rcb,0.5,0.6,1.6,2,16779000,27,16779000,16777272,3
16,rcb,0.5,0.6,1.6,3,16779000,27,16779000,16777272,3
16,rcb,0.5,0.6,1.6,4,16779000,27,16779000,16777272,3
16,rcb,0.5,0.6,1.6,5,16779000,27,16779000,16777272,3
16,rcb,0.5,0.6,1.6,6,16779000,27,16779000,16777272,3
16,rcb,0.5,0.6,1.6,7,16779000,27,16779000,16777272,3
16,rcb,0.5,0.6,1.6,8,16779000,27,16779000,16777272,3
16,rcb,0.5,0.6,1.6,9,16779000,27,16779000,16777272,3
16,rcb,0.5,0.6,1.6,10,16779000,27,16779000,16777272,3
16,rcb,0.5,0.6,1.6,11,16779000,27,16779000,16777272,3
16,rcb,0.5,0.6,1.6,12,16779000,27,16779000,16777272,3
16,rcb,0.5,0.6,1.6,13,16779000,27,16779000,16777272,3
16,rcb,0.5,0.6,1.6,14,16779000,27,16779000,16777272,3
16,rcb,0.5,0.6,1.6,15,16779000,27,16779000,16777272,3
16,rcb,0.05,0.92,1.08,0,16779000,27,16779000,16777272,3
16,rcb,0.05,0.92,1.08,1,16779000,27,16779000,16777272,3
16,rcb,0.05,0.92,1.08,2,16779000,27,16779000,16777272,3
16,rcb,0.05,0.92,1.08,3,16779000,27,16779000,16777272,3
16,rcb,0.05,0.92,1.08,4,16779000,27,16779000,16777272,3
16,rcb,0.05,0.92,1.08,5,16779000,27,16779000,16777272,3
16,rcb,0.05,0.92,1.08,6,16779000,27,16779000,16777272,3
16,rcb,0.05,0.92,1.08,7,16779000,27,16779000,16777272,3
16,rcb,0.05,0.92,1.08,8,16779000,27,16779000,16777272,3
16,rcb,0.05,0.92,1.08,9,16779000,27,16779000,16777272,3
16,rcb,0.05,0.92,1.08,10,16779000,27,16779000,16777272,3
16,rcb,0.05,0.92,1.08,11,16779000,27,16779000,16777272,3
16,rcb,0.05,0.92,1.08,12,16779000,27,16779000,16777272,3
16,rcb,0.05,0.92,1.08,13,16779000,27,16779000,16777272,3
16,rcb,0.05,0.92,1.08,14,16779000,27,16779000,16777272,3
16,rcb,0.05,0.92,1.08,15,16779000,27,16779000,16777272,3
16,rcb,0.05,0.92,1.08,0,16779000,27,16779000,16777272,3
16,rcb,0.05,0.92,1.08,1,16779000,27,16779000,16777272,3
16,rcb,0.05,0.92,1.08,2,16779000,27,16779000,16777272,3
16,rcb,0.05,0.92,1.08,3,16779000,27,16779000,16777272,3
16,rcb,0.05,0.92,1.08,4,16779000,27,16779000,16777272,3
16,rcb,0.05,0.92,1.08,5,16779000,27,16779000,16777272,3
16,rcb,0.05,0.92,1.08,6,16779000,27,16779000,16777272,3
16,rcb,0.05,0.92,1.08,7,16779000,27,16779000,16777272,3
16,rcb,0.05,0.92,1.08,8,16779000,27,16779000,16777272,3
16,rcb,0.05,0.92,1.08,9,16779000,27,16779000,16777272,3
16,rcb,0.05,0.92,1.08,10,16779000,27,16779000,16777272,3
16,rcb,0.05,0.92,1.08,11,16779000,27,16779000,16777272,3
16,rcb,0.05,0.92,1.08,12,16779000,27,16779000,16777272,3
16,rcb,0.05,0.92,1.08,13,16779000,27,16779000,16777272,3
16,rcb,0.05,0.92,1.08,14,16779000,27,16779000,16777272,3
16,rcb,0.05,0.92,1.08,15,16779000,27,16779000,16777272,3
32,hilbert,,,,0,46137544,20,12582968,46137544,20
32,hilbert,,,,1,46137544,20,12582968,46137544,20
32,hilbert,,,,2,46137544,20,12582968,46137544,20
32,hilbert,,,,3,46137544,20,12582968,46137544,20
32,hilbert,,,,4,46137544,20,12582968,46137544,20
32,hilbert,,,,5,46137544,20,12582968,46137544,20
32,hilbert,,,,6,46137544,20,12582968,46137544,20
32,hilbert,,,,7,46137544,20,12582968,46137544,20
32,hilbert,,,,8,46137544,20,12582968,46137544,20
32,hilbert,,,,9,46137544,20,12582968,46137544,20
32,hilbert,,,,10,46137544,20,12582968,46137544,20
32,hilbert,,,,11,46137544,20,12582968,46137544,20
32,hilbert,,,,12,46137544,20,12582968,46137544,20
32,hilbert,,,,13,46137544,20,12582968,46137544,20
32,hilbert,,,,14,46137544,20,12582968,46137544,20
32,hilbert,,,,15,46137544,20,12582968,46137544,20
32,hilbert,,,,16,46137544,20,12582968,46137544,20
32,hilbert,,,,17,46137544,20,12582968,46137544,20
32,hilbert,,,,18,46137544,20,12582968,46137544,20
32,hilbert,,,,19,46137544,20,12582968,46137544,20
32,hilbert,,,,20,46137544,20,12582968,46137544,20
32,hilbert,,,,21,46137544,20,12582968,46137544,20
32,hilbert,,,,22,46137544,20,12582968,46137544,20
32,hilbert,,,,23,46137544,20,12582968,46137544,20
32,hilbert,,,,24,46137544,20,12582968,46137544,20
32,hilbert,,,,25,46137544,20,12582968,46137544,20
32,hilbert,,,,26,46137544,20,12582968,46137544,20
32,hilbert,,,,27,46137544,20,12582968,46137544,20
32,hilbert,,,,28,46137544,20,12582968,46137544,20
32,hilbert,,,,29,46137544,20,12582968,46137544,20
32,hilbert,,,,30,46137544,20,12582968,46137544,20
32,hilbert,,,,31,46137544,20,12582968,46137544,20
32,hilbert,0.25,0.85,1.2,0,58720472,23,20971576,58720472,23
32,hilbert,0.25,0.85,1.2,1,58720472,23,20971576,58720472,23
32,hilbert,0.25,0.85,1.2,2,58720472,23,20971576,58720472,23
32,hilbert,0.25,0.85,1.2,3,58720472,23,20971576,58720472,23
32,hilbert,0.25,0.85,1.2,4,58720472,23,20971576,58720472,23
32,hilbert,0.25,0.85,1.2,5,58720472,23,20971576,58720472,23
32,hilbert,0.25,0.85,1.2,6,58720472,23,20971576,58720472,23
32,hilbert,0.25,0.85,1.2,7,58720472,23,20971576,58720472,23
32,hilbert,0.25,0.85,1.2,8,58720472,23,20971576,58720472,23
32,hilbert,0.25,0.85,1.2,9,58720472,23,20971576,58720472,23
32,hilbert,0.25,0.85,1.2,10,58720472,23,20971576,58720472,23
32,hilbert,0.25,0.85,1.2,11,58720472,23,20971576,58720472,23
32,hilbert,0.25,0.85,1.2,12,58720472,23,20971576,58720472,23
32,hilbert,0.25,0.85,1.2,13,58720472,23,20971576,58720472,23
32,hilbert,0.25,0.85,1.2,14,58720472,23,20971576,58720472,23
32,hilbert,0.25,0.85,1.2,15,58720472,23,20971576,58720472,23
32,hilbert,0.25,0.85,1.2,16,58720472,23,20971576,58720472,23
32,hilbert,0.25,0.85,1.2,17,58720472,23,20971576,58720472,23
32,hilbert,0.25,0.85,1.2,18,58720472,23,20971576,58720472,23
32,hilbert,0.25,0.85,1.2,19,58720472,23,20971576,58720472,23
32,hilbert,0.25,0.85,1.2,20,58720472,23,20971576,58720472,23
32,hilbert,0.25,0.85,1.2,21,58720472,23,20971576,58720472,23
32,hilbert,0.25,0.85,1.2,22,58720472,23,20971576,58720472,23
32,hilbert,0.25,0.85,1.2,23,58720472,23,20971576,58720472,23
32,hilbert,0.25,0.85,1.2,24,58720472,23,20971576,58720472,23
32,hilbert,0.25,0.85,1.2,25,58720472,23,20971576,58720472,23
32,hilbert,0.25,0.85,1.2,26,58720472,23,20971576,58720472,23
32,hilbert,0.25,0.85,1.2,27,58720472,23,20971576,58720472,23
32,hilbert,0.25,0.85,1.2,28,58720472,23,20971576,58720472,23
32,hilbert,0.25,0.85,1.2,29,58720472,23,20971576,58720472,23
32,hilbert,0.25,0.85,1.2,30,58720472,23,20971576,58720472,23
32,hilbert,0.25,0.85,1.2,31,58720472,23,20971576,58720472,23
32,hilbert,0.25,0.85,1.2,0,46137512,17,20971576,46137512,17
32,hilbert,0.25,0.85,1.2,1,46137512,17,20971576,46137512,17
32,hilbert,0.25,0.85,1.2,2,46137512,17,20971576,46137512,17
32,hilbert,0.25,0.85,1.2,3,46137512,17,20971576,46137512,17
32,hilbert,0.25,0.85,1.2,4,46137512,17,20971576,46137512,17
32,hilbert,0.25,0.85,1.2,5,46137512,17,20971576,46137512,17
32,hilbert,0.25,0.85,1.2,6,46137512,17,20971576,46137512,17
32,hilbert,0.25,0.85,1.2,7,46137512,17,20971576,46137512,17
32,hilbert,0.25,0.85,1.2,8,46137512,17,20971576,46137512,17
32,hilbert,0.25,0.85,1.2,9,46137512,17,20971576,46137512,17
32,hilbert,0.25,0.85,1.2,10,46137512,17,20971576,46137512,17
32,hilbert,0.25,0.85,1.2,11,46137512,17,20971576,46137512,17
32,hilbert,0.25,0.85,1.2,12,46137512,17,20971576,46137512,17
32,hilbert,0.25,0.85,1.2,13,46137512,17,20971576,46137512,17
32,hilbert,0.25,0.85,1.2,14,46137512,17,20971576,46137512,17
32,hilbert,0.25,0.85,1.2,15,46137512,17,20971576,46137512,17
32,hilbert,0.25,0.85,1.2,16,46137512,17,20971576,46137512,17
32,hilbert,0.25,0.85,1.2,17,46137512,17,20971576,46137512,17
32,hilbert,0.25,0.85,1.2,18,46137512,17,20971576,46137512,17
32,hilbert,0.25,0.85,1.2,19,46137512,17,20971576,46137512,17
32,hilbert,0.25,0.85,1.2,20,46137512,17,20971576,46137512,17
32,hilbert,0.25,0.85,1.2,21,46137512,17,20971576,46137512,17
32,hilbert,0.25,0.85,1.2,22,46137512,17,20971576,46137512,17
32,hilbert,0.25,0.85,1.2,23,46137512,17,20971576,46137512,17
32,hilbert,0.25,0.85,1.2,24,46137512,17,20971576,46137512,17
32,hilbert,0.25,0.85,1.2,25,46137512,17,20971576,46137512,17
32,hilbert,0.25,0.85,1.2,26,46137512,17,20971576,46137512,17
32,hilbert,0.25,0.85,1.2,27,46137512,17,20971576,46137512,17
32,hilbert,0.25,0.85,1.2,28,46137512,17,20971576,46137512,17
32,hilbert,0.25,0.85,1.2,29,46137512,17,20971576,46137512,17
32,hilbert,0.25,0.85,1.2,30,46137512,17,20971576,46137512,17
32,hilbert,0.25,0.85,1.2,31,46137512,17,20971576,46137512,17
32,hilbert,0.5,0.6,1.6,0,58720472,23,20971576,58720472,23
32,hilbert,0.5,0.6,1.6,1,58720472,23,20971576,58720472,23
32,hilbert,0.5,0.6,1.6,2,58720472,23,20971576,58720472,23
32,hilbert,0.5,0.6,1.6,3,58720472,23,20971576,58720472,23
32,hilbert,0.5,0.6,1.6,4,58720472,23,20971576,58720472,23
32,hilbert,0.5,0.6,1.6,5,58720472,23,20971576,58720472,23
32,hilbert,0.5,0.6,1.6,6,58720472,23,20971576,58720472,23
32,hilbert,0.5,0.6,1.6,7,58720472,23,20971576,58720472,23
32,hilbert,0.5,0.6,1.6,8,58720472,23,20971576,58720472,23
32,hilbert,0.5,0.6,1.6,9,58720472,23,20971576,58720472,23
32,hilbert,0.5,0.6,1.6,10,58720472,23,20971576,58720472,23
32,hilbert,0.5,0.6,1.6,11,58720472,23,20971576,58720472,23
32,hilbert,0.5,0.6,1.6,12,58720472,23,20971576,58720472,23
32,hilbert,0.5,0.6,1.6,13,58720472,23,20971576,58720472,23
32,hilbert,0.5,0.6,1.6,14,58720472,23,20971576,58720472,23
32,hilbert,0.5,0.6,1.6,15,58720472,23,20971576,58720472,23
32,hilbert,0.5,0.6,1.6,16,58720472,23,20971576,58720472,23
32,hilbert,0.5,0.6,1.6,17,58720472,23,20971576,58720472,23
32,hilbert,0.5,0.6,1.6,18,58720472,23,20971576,58720472,23
32,hilbert,0.5,0.6,1.6,19,58720472,23,20971576,58720472,23
32,hilbert,0.5,0.6,1.6,20,58720472,23,20971576,58720472,23
32,hilbert,0.5,0.6,1.6,21,58720472,23,20971576,58720472,23
32,hilbert,0.5,0.6,1.6,22,58720472,23,20971576,58720472,23
32,hilbert,0.5,0.6,1.6,23,58720472,23,20971576,58720472,23
32,hilbert,0.5,0.6,1.6,24,58720472,23,20971576,58720472,23
32,hilbert,0.5,0.6,1.6,25,58720472,23,20971576,58720472,23
32,hilbert,0.5,0.6,1.6,26,58720472,23,20971576,58720472,23
32,hilbert,0.5,0.6,1.6,27,58720472,23,20971576,58720472,23
32,hilbert,0.5,0.6,1.6,28,58720472,23,20971576,58720472,23
32,hilbert,0.5,0.6,1.6,29,58720472,23,20971576,58720472,23
32,hilbert,0.5,0.6,1.6,30,58720472,23,20971576,58720472,23
32,hilbert,0.5,0.6,1.6,31,58720472,23,20971576,58720472,23
32,hilbert,0.5,0.6,1.6,0,58720472,23,20971576,58720472,23
32,hilbert,0.5,0.6,1.6,1,58720472,23,20971576,58720472,23
32,hilbert,0.5,0.6,1.6,2,58720472,23,20971576,58720472,23
32,hilbert,0.5,0.6,1.6,3,58720472,23,20971576,58720472,23
32,hilbert,0.5,0.6,1.6,4,58720472,23,20971576,58720472,23
32,hilbert,0.5,0.6,1.6,5,58720472,23,20971576,58720472,23
32,hilbert,0.5,0.6,1.6,6,58720472,23,20971576,58720472,23
32,hilbert,0.5,0.6,1.6,7,58720472,23,20971576,58720472,23
32,hilbert,0.5,0.6,1.6,8,58720472,23,20971576,58720472,23
32,hilbert,0.5,0.6,1.6,9,58720472,23,20971576,58720472,23
32,hilbert,0.5,0.6,1.6,10,58720472,23,20971576,58720472,23
32,hilbert,0.5,0.6,1.6,11,58720472,23,20971576,58720472,23
32,hilbert,0.5,0.6,1.6,12,58720472,23,20971576,58720472,23
32,hilbert,0.5,0.6,1.6,13,58720472,23,20971576,58720472,23
32,hilbert,0.5,0.6,1.6,14,58720472,23,20971576,58720472,23
32,hilbert,0.5,0.6,1.6,15,58720472,23,20971576,58720472,23
32,hilbert,0.5,0.6,1.6,16,58720472,23,20971576,58720472,23
32,hilbert,0.5,0.6,1.6,17,58720472,23,20971576,58720472,23
32,hilbert,0.5,0.6,1.6,18,58720472,23,20971576,58720472,23
32,hilbert,0.5,0.6,1.6,19,58720472,23,20971576,58720472,23
32,hilbert,0.5,0.6,1.6,20,58720472,23,20971576,58720472,23
32,hilbert,0.5,0.6,1.6,21,58720472,23,20971576,58720472,23
32,hilbert,0.5,0.6,1.6,22,58720472,23,20971576,58720472,23
32,hilbert,0.5,0.6,1.6,23,58720472,23,20971576,58720472,23
32,hilbert,0.5,0.6,1.6,24,58720472,23,20971576,58720472,23
32,hilbert,0.5,0.6,1.6,25,58720472,23,20971576,58720472,23
32,hilbert,0.5,0.6,1.6,26,58720472,23,20971576,58720472,23
32,hilbert,0.5,0.6,1.6,27,58720472,23,20971576,58720472,23
32,hilbert,0.5,0.6,1.6,28,58720472,23,20971576,58720472,23
32,hilbert,0.5,0.6,1.6,29,58720472,23,20971576,58720472,23
32,hilbert,0.5,0.6,1.6,30,58720472,23,20971576,58720472,23
32,hilbert,0.5,0.6,1.6,31,58720472,23,20971576,58720472,23
32,hilbert,0.05,0.92,1.08,0,54526152,21,20971576,54526152,21
32,hilbert,0.05,0.92,1.08,1,54526152,21,20971576,54526152,21
32,hilbert,0.05,0.92,1.08,2,54526152,21,20971576,54526152,21
32,hilbert,0.05,0.92,1.08,3,54526152,21,20971576,54526152,21
32,hilbert,0.05,0.92,1.08,4,54526152,21,20971576,54526152,21
32,hilbert,0.05,0.92,1.08,5,54526152,21,20971576,54526152,21
32,hilbert,0.05,0.92,1.08,6,54526152,21,20971576,54526152,21
32,hilbert,0.05,0.92,1.08,7,54526152,21,20971576,54526152,21
32,hilbert,0.05,0.92,1.08,8,54526152,21,20971576,54526152,21
32,hilbert,0.05,0.92,1.08,9,54526152,21,20971576,54526152,21
32,hilbert,0.05,0.92,1.08,10,54526152,21,20971576,54526152,21
32,hilbert,0.05,0.92,1.08,11,54526152,21,20971576,54526152,21
32,hilbert,0.05,0.92,1.08,12,54526152,21,20971576,54526152,21
32,hilbert,0.05,0.92,1.08,13,54526152,21,20971576,54526152,21
32,hilbert,0.05,0.92,1.08,14,54526152,21,20971576,54526152,21
32,hilbert,0.05,0.92,1.08,15,54526152,21,20971576,54526152,21
32,hilbert,0.05,0.92,1.08,16,54526152,21,20971576,54526152,21
32,hilbert,0.05,0.92,1.08,17,54526152,21,20971576,54526152,21
32,hilbert,0.05,0.92,1.08,18,54526152,21,20971576,54526152,21
32,hilbert,0.05,0.92,1.08,19,54526152,21,20971576,54526152,21
32,hilbert,0.05,0.92,1.08,20,54526152,21,20971576,54526152,21
32,hilbert,0.05,0.92,1.08,21,54526152,21,20971576,54526152,21
32,hilbert,0.05,0.92,1.08,22,54526152,21,20971576,54526152,21
32,hilbert,0.05,0.92,1.08,23,54526152,21,20971576,54526152,21
32,hilbert,0.05,0.92,1.08,24,54526152,21,20971576,54526152,21
32,hilbert,0.05,0.92,1.08,25,54526152,21,20971576,54526152,21
32,hilbert,0.05,0.92,1.08,26,54526152,21,20971576,54526152,21
32,hilbert,0.05,0.92,1.08,27,54526152,21,20971576,54526152,21
32,hilbert,0.05,0.92,1.08,28,54526152,21,20971576,54526152,21
32,hilbert,0.05,0.92,1.08,29,54526152,21,20971576,54526152,21
32,hilbert,0.05,0.92,1.08,30,54526152,21,20971576,54526152,21
32,hilbert,0.05,0.92,1.08,31,54526152,21,20971576,54526152,21
32,hilbert,0.05,0.92,1.08,0,58720472,23,20971576,58720472,23
32,hilbert,0.05,0.92,1.08,1,58720472,23,20971576,58720472,23
32,hilbert,0.05,0.92,1.08,2,58720472,23,20971576,58720472,23
32,hilbert,0.05,0.92,1.08,3,58720472,23,20971576,58720472,23
32,hilbert,0.05,0.92,1.08,4,58720472,23,20971576,58720472,23
32,hilbert,0.05,0.92,1.08,5,58720472,23,20971576,58720472,23
32,hilbert,0.05,0.92,1.08,6,58720472,23,20971576,58720472,23
32,hilbert,0.05,0.92,1.08,7,58720472,23,20971576,58720472,23
32,hilbert,0.05,0.92,1.08,8,58720472,23,20971576,58720472,23
32,hilbert,0.05,0.92,1.08,9,58720472,23,20971576,58720472,23
32,hilbert,0.05,0.92,1.08,10,58720472,23,20971576,58720472,23
32,hilbert,0.05,0.92,1.08,11,58720472,23,20971576,58720472,23
32,hilbert,0.05,0.92,1.08,12,58720472,23,20971576,58720472,23
32,hilbert,0.05,0.92,1.08,13,58720472,23,20971576,58720472,23
32,hilbert,0.05,0.92,1.08,14,58720472,23,20971576,58720472,23
32,hilbert,0.05,0.92,1.08,15,58720472,23,20971576,58720472,23
32,hilbert,0.05,0.92,1.08,16,58720472,23,20971576,58720472,23
32,hilbert,0.05,0.92,1.08,17,58720472,23,20971576,58720472,23
32,hilbert,0.05,0.92,1.08,18,58720472,23,20971576,58720472,23
32,hilbert,0.05,0.92,1.08,19,58720472,23,20971576,58720472,23
32,hilbert,0.05,0.92,1.08,20,58720472,23,20971576,58720472,23
32,hilbert,0.05,0.92,1.08,21,58720472,23,20971576,58720472,23
32,hilbert,0.05,0.92,1.08,22,58720472,23,20971576,58720472,23
32,hilbert,0.05,0.92,1.08,23,58720472,23,20971576,58720472,23
32,hilbert,0.05,0.92,1.08,24,58720472,23,20971576,58720472,23
32,hilbert,0.05,0.92,1.08,25,58720472,23,20971576,58720472,23
32,hilbert,0.05,0.92,1.08,26,58720472,23,20971576,58720472,23
32,hilbert,0.05,0.92,1.08,27,58720472,23,20971576,58720472,23
32,hilbert,0.05,0.92,1.08,28,58720472,23,20971576,58720472,23
32,hilbert,0.05,0.92,1.08,29,58720472,23,20971576,58720472,23
32,hilbert,0.05,0.92,1.08,30,58720472,23,20971576,58720472,23
32,hilbert,0.05,0.92,1.08,31,58720472,23,20971576,58720472,23
32,rcb,,,,0,8400184,162,8400184,8388664,2
32,rcb,,,,1,8400184,162,8400184,8388664,2
32,rcb,,,,2,8400184,162,8400184,8388664,2
32,rcb,,,,3,8400184,162,8400184,8388664,2
32,rcb,,,,4,8400184,162,8400184,8388664,2
32,rcb,,,,5,8400184,162,8400184,8388664,2
32,rcb,,,,6,8400184,162,8400184,8388664,2
32,rcb,,,,7,8400184,162,8400184,8388664,2
32,rcb,,,,8,8400184,162,8400184,8388664,2
32,rcb,,,,9,8400184,162,8400184,8388664,2
32,rcb,,,,10,8400184,162,8400184,8388664,2
32,rcb,,,,11,8400184,162,8400184,8388664,2
32,rcb,,,,12,8400184,162,8400184,8388664,2
32,rcb,,,,13,8400184,162,8400184,8388664,2
32,rcb,,,,14,8400184,162,8400184,8388664,2
32,rcb,,,,15,8400184,162,8400184,8388664,2
32,rcb,,,,16,8400184,162,8400184,8388664,2
32,rcb,,,,17,8400184,162,8400184,8388664,2
32,rcb,,,,18,8400184,162,8400184,8388664,2
32,rcb,,,,19,8400184,162,8400184,8388664,2
32,rcb,,,,20,8400184,162,8400184,8388664,2
32,rcb,,,,21,8400184,162,8400184,8388664,2
32,rcb,,,,22,8400184,162,8400184,8388664,2
32,rcb,,,,23,8400184,162,8400184,8388664,2
32,rcb,,,,24,8400184,162,8400184,8388664,2
32,rcb,,,,25,8400184,162,8400184,8388664,2
32,rcb,,,,26,8400184,162,8400184,8388664,2
32,rcb,,,,27,8400184,162,8400184,8388664,2
32,rcb,,,,28,8400184,162,8400184,8388664,2
32,rcb,,,,29,8400184,162,8400184,8388664,2
32,rcb,,,,30,8400184,162,8400184,8388664,2
32,rcb,,,,31,8400184,162,8400184,8388664,2
32,rcb,0.25,0.85,1.2,0,16787640,147,16787640,16777272,3
32,rcb,0.25,0.85,1.2,1,16787640,147,16787640,16777272,3
32,rcb,0.25,0.85,1.2,2,16787640,147,16787640,16777272,3
32,rcb,0.25,0.85,1.2,3,16787640,147,16787640,16777272,3
32,rcb,0.25,0.85,1.2,4,16787640,147,16787640,16777272,3
32,rcb,0.25,0.85,1.2,5,16787640,147,16787640,16777272,3
32,rcb,0.25,0.85,1.2,6,16787640,147,16787640,16777272,3
32,rcb,0.25,0.85,1.2,7,16787640,147,16787640,16777272,3
32,rcb,0.25,0.85,1.2,8,16787640,147,16787640,16777272,3
32,rcb,0.25,0.85,1.2,9,16787640,147,16787640,16777272,3
32,rcb,0.25,0.85,1.2,10,16787640,147,16787640,16777272,3
32,rcb,0.25,0.85,1.2,11,16787640,147,16787640,16777272,3
32,rcb,0.25,0.85,1.2,12,16787640,147,16787640,16777272,3
32,rcb,0.25,0.85,1.2,13,16787640,147,16787640,16777272,3
32,rcb,0.25,0.85,1.2,14,16787640,147,16787640,16777272,3
32,rcb,0.25,0.85,1.2,15,16787640,147,16787640,16777272,3
32,rcb,0.25,0.85,1.2,16,16787640,147,16787640,16777272,3
32,rcb,0.25,0.85,1.2,17,16787640,147,16787640,16777272,3
32,rcb,0.25,0.85,1.2,18,16787640,147,16787640,16777272,3
32,rcb,0.25,0.85,1.2,19,16787640,147,16787640,16777272,3
32,rcb,0.25,0.85,1.2,20,16787640,147,16787640,16777272,3
32,rcb,0.25,0.85,1.2,21,16787640,147,16787640,16777272,3
32,rcb,0.25,0.85,1.2,22,16787640,147,16787640,16777272,3
32,rcb,0.25,0.85,1.2,23,16787640,147,16787640,16777272,3
32,rcb,0.25,0.85,1.2,24,16787640,147,16787640,16777272,3
32,rcb,0.25,0.85,1.2,25,16787640,147,16787640,16777272,3
32,rcb,0.25,0.85,1.2,26,16787640,147,16787640,16777272,3
32,rcb,0.25,0.85,1.2,27,16787640,147,16787640,16777272,3
32,rcb,0.25,0.85,1.2,28,16787640,147,16787640,16777272,3
32,rcb,0.25,0.85,1.2,29,16787640,147,16787640,16777272,3
32,rcb,0.25,0.85,1.2,30,16787640,147,16787640,16777272,3
32,rcb,0.25,0.85,1.2,31,16787640,147,16787640,16777272,3
32,rcb,0.25,0.85,1.2,0,16785336,115,16785336,16777272,3
32,rcb,0.25,0.85,1.2,1,16785336,115,16785336,16777272,3
32,rcb,0.25,0.85,1.2,2,16785336,115,16785336,16777272,3
32,rcb,0.25,0.85,1.2,3,16785336,115,16785336,16777272,3
32,rcb,0.25,0.85,1.2,4,16785336,115,16785336,16777272,3
32,rcb,0.25,0.85,1.2,5,16785336,115,16785336,16777272,3
32,rcb,0.25,0.85,1.2,6,16785336,115,16785336,16777272,3
32,rcb,0.25,0.85,1.2,7,16785336,115,16785336,16777272,3
32,rcb,0.25,0.85,1.2,8,16785336,115,16785336,16777272,3
32,rcb,0.25,0.85,1.2,9,16785336,115,16785336,16777272,3
32,rcb,0.25,0.85,1.2,10,16785336,115,16785336,16777272,3
32,rcb,0.25,0.85,1.2,11,16785336,115,16785336,16777272,3
32,rcb,0.25,0.85,1.2,12,16785336,115,16785336,16777272,3
32,rcb,0.25,0.85,1.2,13,16785336,115,16785336,16777272,3
32,rcb,0.25,0.85,1.2,14,16785336,115,16785336,16777272,3
32,rcb,0.25,0.85,1.2,15,16785336,115,16785336,16777272,3
32,rcb,0.25,0.85,1.2,16,16785336,115,16785336,16777272,3
32,rcb,0.25,0.85,1.2,17,16785336,115,16785336,16777272,3
32,rcb,0.25,0.85,1.2,18,16785336,115,16785336,16777272,3
32,rcb,0.25,0.85,1.2,19,16785336,115,16785336,16777272,3
32,rcb,0.25,0.85,1.2,20,16785336,115,16785336,16777272,3
32,rcb,0.25,0.85,1.2,21,16785336,115,16785336,16777272,3
32,rcb,0.25,0.85,1.2,22,16785336,115,16785336,16777272,3
32,rcb,0.25,0.85,1.2,23,16785336,115,16785336,16777272,3
32,rcb,0.25,0.85,1.2,24,16785336,115,16785336,16777272,3
32,rcb,0.25,0.85,1.2,25,16785336,115,16785336,16777272,3
32,rcb,0.25,0.85,1.2,26,16785336,115,16785336,16777272,3
32,rcb,0.25,0.85,1.2,27,16785336,115,16785336,16777272,3
32,rcb,0.25,0.85,1.2,28,16785336,115,16785336,16777272,3
32,rcb,0.25,0.85,1.2,29,16785336,115,16785336,16777272,3
32,rcb,0.25,0.85,1.2,30,16785336,115,16785336,16777272,3
32,rcb,0.25,0.85,1.2,31,16785336,115,16785336,16777272,3
32,rcb,0.5,0.6,1.6,0,16788792,163,16788792,16777272,3
32,rcb,0.5,0.6,1.6,1,16788792,163,16788792,16777272,3
32,rcb,0.5,0.6,1.6,2,16788792,163,16788792,16777272,3
32,rcb,0.5,0.6,1.6,3,16788792,163,16788792,16777272,3
32,rcb,0.5,0.6,1.6,4,16788792,163,16788792,16777272,3
32,rcb,0.5,0.6,1.6,5,16788792,163,16788792,16777272,3
32,rcb,0.5,0.6,1.6,6,16788792,163,16788792,16777272,3
32,rcb,0.5,0.6,1.6,7,16788792,163,16788792,16777272,3
32,rcb,0.5,0.6,1.6,8,16788792,163,16788792,16777272,3
32,rcb,0.5,0.6,1.6,9,16788792,163,16788792,16777272,3
32,rcb,0.5,0.6,1.6,10,16788792,163,16788792,16777272,3
32,rcb,0.5,0.6,1.6,11,16788792,163,16788792,16777272,3
32,rcb,0.5,0.6,1.6,12,16788792,163,16788792,16777272,3
32,rcb,0.5,0.6,1.6,13,16788792,163,16788792,16777272,3
32,rcb,0.5,0.6,1.6,14,16788792,163,16788792,16777272,3
32,rcb,0.5,0.6,1.6,15,16788792,163,16788792,16777272,3
32,rcb,0.5,0.6,1.6,16,16788792,163,16788792,16777272,3
32,rcb,0.5,0.6,1.6,17,16788792,163,16788792,16777272,3
32,rcb,0.5,0.6,1.6,18,16788792,163,16788792,16777272,3
32,rcb,0.5,0.6,1.6,19,16788792,163,16788792,16777272,3
32,rcb,0.5,0.6,1.6,20,16788792,163,16788792,16777272,3
32,rcb,0.5,0.6,1.6,21,16788792,163,16788792,16777272,3
32,rcb,0.5,0.6,1.6,22,16788792,163,16788792,16777272,3
32,rcb,0.5,0.6,1.6,23,16788792,163,16788792,16777272,3
32,rcb,0.5,0.6,1.6,24,16788792,163,16788792,16777272,3
32,rcb,0.5,0.6,1.6,25,16788792,163,16788792,16777272,3
32,rcb,0.5,0.6,1.6,26,16788792,163,16788792,16777272,3
32,rcb,0.5,0.6,1.6,27,16788792,163,16788792,16777272,3
32,rcb,0.5,0.6,1.6,28,16788792,163,16788792,16777272,3
32,rcb,0.5,0.6,1.6,29,16788792,163,16788792,16777272,3
32,rcb,0.5,0.6,1.6,30,16788792,163,16788792,16777272,3
32,rcb,0.5,0.6,1.6,31,16788792,163,16788792,16777272,3
32,rcb,0.5,0.6,1.6,0,16788792,163,16788792,16777272,3
32,rcb,0.5,0.6,1.6,1,16788792,163,16788792,16777272,3
32,rcb,0.5,0.6,1.6,2,16788792,163,16788792,16777272,3
32,rcb,0.5,0.6,1.6,3,16788792,163,16788792,16777272,3
32,rcb,0.5,0.6,1.6,4,16788792,163,16788792,16777272,3
32,rcb,0.5,0.6,1.6,5,16788792,163,16788792,16777272,3
32,rcb,0.5,0.6,1.6,6,16788792,163,16788792,16777272,3
32,rcb,0.5,0.6,1.6,7,16788792,163,16788792,16777272,3
32,rcb,0.5,0.6,1.6,8,16788792,163,16788792,16777272,3
32,rcb,0.5,0.6,1.6,9,16788792,163,16788792,16777272,3
32,rcb,0.5,0.6,1.6,10,16788792,163,16788792,16777272,3
32,rcb,0.5,0.6,1.6,11,16788792,163,16788792,16777272,3
32,rcb,0.5,0.6,1.6,12,16788792,163,16788792,16777272,3
32,rcb,0.5,0.6,1.6,13,16788792,163,16788792,16777272,3
32,rcb,0.5,0.6,1.6,14,16788792,163,16788792,16777272,3
32,rcb,0.5,0.6,1.6,15,16788792,163,16788792,16777272,3
32,rcb,0.5,0.6,1.6,16,16788792,163,16788792,16777272,3
32,rcb,0.5,0.6,1.6,17,16788792,163,16788792,16777272,3
32,rcb,0.5,0.6,1.6,18,16788792,163,16788792,16777272,3
32,rcb,0.5,0.6,1.6,19,16788792,163,16788792,16777272,3
32,rcb,0.5,0.6,1.6,20,16788792,163,16788792,16777272,3
32,rcb,0.5,0.6,1.6,21,16788792,163,16788792,16777272,3
32,rcb,0.5,0.6,1.6,22,16788792,163,16788792,16777272,3
32,rcb,0.5,0.6,1.6,23,16788792,163,16788792,16777272,3
32,rcb,0.5,0.6,1.6,24,16788792,163,16788792,16777272,3
32,rcb,0.5,0.6,1.6,25,16788792,163,16788792,16777272,3
32,rcb,0.5,0.6,1.6,26,16788792,163,16788792,16777272,3
32,rcb,0.5,0.6,1.6,27,16788792,163,16788792,16777272,3
32,rcb,0.5,0.6,1.6,28,16788792,163,16788792,16777272,3
32,rcb,0.5,0.6,1.6,29,16788792,163,16788792,16777272,3
32,rcb,0.5,0.6,1.6,30,16788792,163,16788792,16777272,3
32,rcb,0.5,0.6,1.6,31,16788792,163,16788792,16777272,3
32,rcb,0.05,0.92,1.08,0,16787640,147,16787640,16777272,3
32,rcb,0.05,0.92,1.08,1,16787640,147,16787640,16777272,3
32,rcb,0.05,0.92,1.08,2,16787640,147,16787640,16777272,3
32,rcb,0.05,0.92,1.08,3,16787640,147,16787640,16777272,3
32,rcb,0.05,0.92,1.08,4,16787640,147,16787640,16777272,3
32,rcb,0.05,0.92,1.08,5,16787640,147,16787640,16777272,3
32,rcb,0.05,0.92,1.08,6,16787640,147,16787640,16777272,3
32,rcb,0.05,0.92,1.08,7,16787640,147,16787640,16777272,3
32,rcb,0.05,0.92,1.08,8,16787640,147,16787640,16777272,3
32,rcb,0.05,0.92,1.08,9,16787640,147,16787640,16777272,3
32,rcb,0.05,0.92,1.08,10,16787640,147,16787640,16777272,3
32,rcb,0.05,0.92,1.08,11,16787640,147,16787640,16777272,3
32,rcb,0.05,0.92,1.08,12,16787640,147,16787640,16777272,3
32,rcb,0.05,0.92,1.08,13,16787640,147,16787640,16777272,3
32,rcb,0.05,0.92,1.08,14,16787640,147,16787640,16777272,3
32,rcb,0.05,0.92,1.08,15,16787640,147,16787640,16777272,3
32,rcb,0.05,0.92,1.08,16,16787640,147,16787640,16777272,3
32,rcb,0.05,0.92,1.08,17,16787640,147,16787640,16777272,3
32,rcb,0.05,0.92,1.08,18,16787640,147,16787640,16777272,3
32,rcb,0.05,0.92,1.08,19,16787640,147,16787640,16777272,3
32,rcb,0.05,0.92,1.08,20,16787640,147,16787640,16777272,3
32,rcb,0.05,0.92,1.08,21,16787640,147,16787640,16777272,3
32,rcb,0.05,0.92,1.08,22,16787640,147,16787640,16777272,3
32,rcb,0.05,0.92,1.08,23,16787640,147,16787640,16777272,3
32,rcb,0.05,0.92,1.08,24,16787640,147,16787640,16777272,3
32,rcb,0.05,0.92,1.08,25,16787640,147,16787640,16777272,3
32,rcb,0.05,0.92,1.08,26,16787640,147,16787640,16777272,3
32,rcb,0.05,0.92,1.08,27,16787640,147,16787640,16777272,3
32,rcb,0.05,0.92,1.08,28,16787640,147,16787640,16777272,3
32,rcb,0.05,0.92,1.08,29,16787640,147,16787640,16777272,3
32,rcb,0.05,0.92,1.08,30,16787640,147,16787640,16777272,3
32,rcb,0.05,0.92,1.08,31,16787640,147,16787640,16777272,3
32,rcb,0.05,0.92,1.08,0,16785336,115,16785336,16777272,3
32,rcb,0.05,0.92,1.08,1,16785336,115,16785336,16777272,3
32,rcb,0.05,0.92,1.08,2,16785336,115,16785336,16777272,3
32,rcb,0.05,0.92,1.08,3,16785336,115,16785336,16777272,3
32,rcb,0.05,0.92,1.08,4,16785336,115,16785336,16777272,3
32,rcb,0.05,0.92,1.08,5,16785336,115,16785336,16777272,3
32,rcb,0.05,0.92,1.08,6,16785336,115,16785336,16777272,3
32,rcb,0.05,0.92,1.08,7,16785336,115,16785336,16777272,3
32,rcb,0.05,0.92,1.08,8,16785336,115,16785336,16777272,3
32,rcb,0.05,0.92,1.08,9,16785336,115,16785336,16777272,3
32,rcb,0.05,0.92,1.08,10,16785336,115,16785336,16777272,3
32,rcb,0.05,0.92,1.08,11,16785336,115,16785336,16777272,3
32,rcb,0.05,0.92,1.08,12,16785336,115,16785336,16777272,3
32,rcb,0.05,0.92,1.08,13,16785336,115,16785336,16777272,3
32,rcb,0.05,0.92,1.08,14,16785336,115,16785336,16777272,3
32,rcb,0.05,0.92,1.08,15,16785336,115,16785336,16777272,3
32,rcb,0.05,0.92,1.08,16,16785336,115,16785336,16777272,3
32,rcb,0.05,0.92,1.08,17,16785336,115,16785336,16777272,3
32,rcb,0.05,0.92,1.08,18,16785336,115,16785336,16777272,3
32,rcb,0.05,0.92,1.08,19,16785336,115,16785336,16777272,3
32,rcb,0.05,0.92,1.08,20,16785336,115,16785336,16777272,3
32,rcb,0.05,0.92,1.08,21,16785336,115,16785336,16777272,3
32,rcb,0.05,0.92,1.08,22,16785336,115,16785336,16777272,3
32,rcb,0.05,0.92,1.08,23,16785336,115,16785336,16777272,3
32,rcb,0.05,0.92,1.08,24,16785336,115,16785336,16777272,3
32,rcb,0.05,0.92,1.08,25,16785336,115,16785336,16777272,3
32,rcb,0.05,0.92,1.08,26,16785336,115,16785336,16777272,3
32,rcb,0.05,0.92,1.08,27,16785336,115,16785336,16777272,3
32,rcb,0.05,0.92,1.08,28,16785336,115,16785336,16777272,3
32,rcb,0.05,0.92,1.08,29,16785336,115,16785336,16777272,3
32,rcb,0.05,0.92,1.08,30,16785336,115,16785336,16777272,3
32,rcb,0.05,0.92,1.08,31,16785336,115,16785336,16777272,3
64,hilbert,,,,0,20971624,8,12582968,20971624,8
64,hilbert,,,,1,20971624,8,12582968,20971624,8
64,hilbert,,,,2,20971624,8,12582968,20971624,8
64,hilbert,,,,3,20971624,8,12582968,20971624,8
64,hilbert,,,,4,20971624,8,12582968,20971624,8
64,hilbert,,,,5,20971624,8,12582968,20971624,8
64,hilbert,,,,6,20971624,8,12582968,20971624,8
64,hilbert,,,,7,20971624,8,12582968,20971624,8
64,hilbert,,,,8,20971624,8,12582968,20971624,8
64,hilbert,,,,9,20971624,8,12582968,20971624,8
64,hilbert,,,,10,20971624,8,12582968,20971624,8
64,hilbert,,,,11,20971624,8,12582968,20971624,8
64,hilbert,,,,12,20971624,8,12582968,20971624,8
64,hilbert,,,,13,20971624,8,12582968,20971624,8
64,hilbert,,,,14,20971624,8,12582968,20971624,8
64,hilbert,,,,15,20971624,8,12582968,20971624,8
64,hilbert,,,,16,20971624,8,12582968,20971624,8
64,hilbert,,,,17,20971624,8,12582968,20971624,8
64,hilbert,,,,18,20971624,8,12582968,20971624,8
64,hilbert,,,,19,20971624,8,12582968,20971624,8
64,hilbert,,,,20,20971624,8,12582968,20971624,8
64,hilbert,,,,21,20971624,8,12582968,20971624,8
64,hilbert,,,,22,20971624,8,12582968,20971624,8
64,hilbert,,,,23,20971624,8,12582968,20971624,8
64,hilbert,,,,24,20971624,8,12582968,20971624,8
64,hilbert,,,,25,20971624,8,12582968,20971624,8
64,hilbert,,,,26,20971624,8,12582968,20971624,8
64,hilbert,,,,27,20971624,8,12582968,20971624,8
64,hilbert,,,,28,20971624,8,12582968,20971624,8
64,hilbert,,,,29,20971624,8,12582968,20971624,8
64,hilbert,,,,30,20971624,8,12582968,20971624,8
64,hilbert,,,,31,20971624,8,12582968,20971624,8
64,hilbert,,,,32,20971624,8,12582968,20971624,8
64,hilbert,,,,33,20971624,8,12582968,20971624,8
64,hilbert,,,,34,20971624,8,12582968,20971624,8
64,hilbert,,,,35,20971624,8,12582968,20971624,8
64,hilbert,,,,36,20971624,8,12582968,20971624,8
64,hilbert,,,,37,20971624,8,12582968,20971624,8
64,hilbert,,,,38,20971624,8,12582968,20971624,8
64,hilbert,,,,39,20971624,8,12582968,20971624,8
64,hilbert,,,,40,20971624,8,12582968,20971624,8
64,hilbert,,,,41,20971624,8,12582968,20971624,8
64,hilbert,,,,42,20971624,8,12582968,20971624,8
64,hilbert,,,,43,20971624,8,12582968,20971624,8
64,hilbert,,,,44,20971624,8,12582968,20971624,8
64,hilbert,,,,45,20971624,8,12582968,20971624,8
64,hilbert,,,,46,20971624,8,12582968,20971624,8
64,hilbert,,,,47,20971624,8,12582968,20971624,8
64,hilbert,,,,48,20971624,8,12582968,20971624,8
64,hilbert,,,,49,20971624,8,12582968,20971624,8
64,hilbert,,,,50,20971624,8,12582968,20971624,8
64,hilbert,,,,51,20971624,8,12582968,20971624,8
64,hilbert,,,,52,20971624,8,12582968,20971624,8
64,hilbert,,,,53,20971624,8,12582968,20971624,8
64,hilbert,,,,54,20971624,8,12582968,20971624,8
64,hilbert,,,,55,20971624,8,12582968,20971624,8
64,hilbert,,,,56,20971624,8,12582968,20971624,8
64,hilbert,,,,57,20971624,8,12582968,20971624,8
64,hilbert,,,,58,20971624,8,12582968,20971624,8
64,hilbert,,,,59,20971624,8,12582968,20971624,8
64,hilbert,,,,60,20971624,8,12582968,20971624,8
64,hilbert,,,,61,20971624,8,12582968,20971624,8
64,hilbert,,,,62,20971624,8,12582968,20971624,8
64,hilbert,,,,63,20971624,8,12582968,20971624,8
64,hilbert,0.25,0.85,1.2,0,29360232,9,20971576,29360232,9
64,hilbert,0.25,0.85,1.2,1,29360232,9,20971576,29360232,9
64,hilbert,0.25,0.85,1.2,2,29360232,9,20971576,29360232,9
64,hilbert,0.25,0.85,1.2,3,29360232,9,20971576,29360232,9
64,hilbert,0.25,0.85,1.2,4,29360232,9,20971576,29360232,9
64,hilbert,0.25,0.85,1.2,5,29360232,9,20971576,29360232,9
64,hilbert,0.25,0.85,1.2,6,29360232,9,20971576,29360232,9
64,hilbert,0.25,0.85,1.2,7,29360232,9,20971576,29360232,9
64,hilbert,0.25,0.85,1.2,8,29360232,9,20971576,29360232,9
64,hilbert,0.25,0.85,1.2,9,29360232,9,20971576,29360232,9
64,hilbert,0.25,0.85,1.2,10,29360232,9,20971576,29360232,9
64,hilbert,0.25,0.85,1.2,11,29360232,9,20971576,29360232,9
64,hilbert,0.25,0.85,1.2,12,29360232,9,20971576,29360232,9
64,hilbert,0.25,0.85,1.2,13,29360232,9,20971576,29360232,9
64,hilbert,0.25,0.85,1.2,14,29360232,9,20971576,29360232,9
64,hilbert,0.25,0.85,1.2,15,29360232,9,20971576,29360232,9
64,hilbert,0.25,0.85,1.2,16,29360232,9,20971576,29360232,9
64,hilbert,0.25,0.85,1.2,17,29360232,9,20971576,29360232,9
64,hilbert,0.25,0.85,1.2,18,29360232,9,20971576,29360232,9
64,hilbert,0.25,0.85,1.2,19,29360232,9,20971576,29360232,9
64,hilbert,0.25,0.85,1.2,20,29360232,9,20971576,29360232,9
64,hilbert,0.25,0.85,1.2,21,29360232,9,20971576,29360232,9
64,hilbert,0.25,0.85,1.2,22,29360232,9,20971576,29360232,9
64,hilbert,0.25,0.85,1.2,23,29360232,9,20971576,29360232,9
64,hilbert,0.25,0.85,1.2,24,29360232,9,20971576,29360232,9
64,hilbert,0.25,0.85,1.2,25,29360232,9,20971576,29360232,9
64,hilbert,0.25,0.85,1.2,26,29360232,9,20971576,29360232,9
64,hilbert,0.25,0.85,1.2,27,29360232,9,20971576,29360232,9
64,hilbert,0.25,0.85,1.2,28,29360232,9,20971576,29360232,9
64,hilbert,0.25,0.85,1.2,29,29360232,9,20971576,29360232,9
64,hilbert,0.25,0.85,1.2,30,29360232,9,20971576,29360232,9
64,hilbert,0.25,0.85,1.2,31,29360232,9,20971576,29360232,9
64,hilbert,0.25,0.85,1.2,32,29360232,9,20971576,29360232,9
64,hilbert,0.25,0.85,1.2,33,29360232,9,20971576,29360232,9
64,hilbert,0.25,0.85,1.2,34,29360232,9,20971576,29360232,9
64,hilbert,0.25,0.85,1.2,35,29360232,9,20971576,29360232,9
64,hilbert,0.25,0.85,1.2,36,29360232,9,20971576,29360232,9
64,hilbert,0.25,0.85,1.2,37,29360232,9,20971576,29360232,9
64,hilbert,0.25,0.85,1.2,38,29360232,9,20971576,29360232,9
64,hilbert,0.25,0.85,1.2,39,29360232,9,20971576,29360232,9
64,hilbert,0.25,0.85,1.2,40,29360232,9,20971576,29360232,9
64,hilbert,0.25,0.85,1.2,41,29360232,9,20971576,29360232,9
64,hilbert,0.25,0.85,1.2,42,29360232,9,20971576,29360232,9
64,hilbert,0.25,0.85,1.2,43,29360232,9,20971576,29360232,9
64,hilbert,0.25,0.85,1.2,44,29360232,9,20971576,29360232,9
64,hilbert,0.25,0.85,1.2,45,29360232,9,20971576,29360232,9
64,hilbert,0.25,0.85,1.2,46,29360232,9,20971576,29360232,9
64,hilbert,0.25,0.85,1.2,47,29360232,9,20971576,29360232,9
64,hilbert,0.25,0.85,1.2,48,29360232,9,20971576,29360232,9
64,hilbert,0.25,0.85,1.2,49,29360232,9,20971576,29360232,9
64,hilbert,0.25,0.85,1.2,50,29360232,9,20971576,29360232,9
64,hilbert,0.25,0.85,1.2,51,29360232,9,20971576,29360232,9
64,hilbert,0.25,0.85,1.2,52,29360232,9,20971576,29360232,9
64,hilbert,0.25,0.85,1.2,53,29360232,9,20971576,29360232,9
64,hilbert,0.25,0.85,1.2,54,29360232,9,20971576,29360232,9
64,hilbert,0.25,0.85,1.2,55,29360232,9,20971576,29360232,9
64,hilbert,0.25,0.85,1.2,56,29360232,9,20971576,29360232,9
64,hilbert,0.25,0.85,1.2,57,29360232,9,20971576,29360232,9
64,hilbert,0.25,0.85,1.2,58,29360232,9,20971576,29360232,9
64,hilbert,0.25,0.85,1.2,59,29360232,9,20971576,29360232,9
64,hilbert,0.25,0.85,1.2,60,29360232,9,20971576,29360232,9
64,hilbert,0.25,0.85,1.2,61,29360232,9,20971576,29360232,9
64,hilbert,0.25,0.85,1.2,62,29360232,9,20971576,29360232,9
64,hilbert,0.25,0.85,1.2,63,29360232,9,20971576,29360232,9
64,hilbert,0.25,0.85,1.2,0,46137512,17,20971576,46137512,17
64,hilbert,0.25,0.85,1.2,1,46137512,17,20971576,46137512,17
64,hilbert,0.25,0.85,1.2,2,46137512,17,20971576,46137512,17
64,hilbert,0.25,0.85,1.2,3,46137512,17,20971576,46137512,17
64,hilbert,0.25,0.85,1.2,4,46137512,17,20971576,46137512,17
64,hilbert,0.25,0.85,1.2,5,46137512,17,20971576,46137512,17
64,hilbert,0.25,0.85,1.2,6,46137512,17,20971576,46137512,17
64,hilbert,0.25,0.85,1.2,7,46137512,17,20971576,46137512,17
64,hilbert,0.25,0.85,1.2,8,46137512,17,20971576,46137512,17
64,hilbert,0.25,0.85,1.2,9,46137512,17,20971576,46137512,17
64,hilbert,0.25,0.85,1.2,10,46137512,17,20971576,46137512,17
64,hilbert,0.25,0.85,1.2,11,46137512,17,20971576,46137512,17
64,hilbert,0.25,0.85,1.2,12,46137512,17,20971576,46137512,17
64,hilbert,0.25,0.85,1.2,13,46137512,17,20971576,46137512,17
64,hilbert,0.25,0.85,1.2,14,46137512,17,20971576,46137512,17
64,hilbert,0.25,0.85,1.2,15,46137512,17,20971576,46137512,17
64,hilbert,0.25,0.85,1.2,16,46137512,17,20971576,46137512,17
64,hilbert,0.25,0.85,1.2,17,46137512,17,20971576,46137512,17
64,hilbert,0.25,0.85,1.2,18,46137512,17,20971576,46137512,17
64,hilbert,0.25,0.85,1.2,19,46137512,17,20971576,46137512,17
64,hilbert,0.25,0.85,1.2,20,46137512,17,20971576,46137512,17
64,hilbert,0.25,0.85,1.2,21,46137512,17,20971576,46137512,17
64,hilbert,0.25,0.85,1.2,22,46137512,17,20971576,46137512,17
64,hilbert,0.25,0.85,1.2,23,46137512,17,20971576,46137512,17
64,hilbert,0.25,0.85,1.2,24,46137512,17,20971576,46137512,17
64,hilbert,0.25,0.85,1.2,25,46137512,17,20971576,46137512,17
64,hilbert,0.25,0.85,1.2,26,46137512,17,20971576,46137512,17
64,hilbert,0.25,0.85,1.2,27,46137512,17,20971576,46137512,17
64,hilbert,0.25,0.85,1.2,28,46137512,17,20971576,46137512,17
64,hilbert,0.25,0.85,1.2,29,46137512,17,20971576,46137512,17
64,hilbert,0.25,0.85,1.2,30,46137512,17,20971576,46137512,17
64,hilbert,0.25,0.85,1.2,31,46137512,17,20971576,46137512,17
64,hilbert,0.25,0.85,1.2,32,46137512,17,20971576,46137512,17
64,hilbert,0.25,0.85,1.2,33,46137512,17,20971576,46137512,17
64,hilbert,0.25,0.85,1.2,34,46137512,17,20971576,46137512,17
64,hilbert,0.25,0.85,1.2,35,46137512,17,20971576,46137512,17
64,hilbert,0.25,0.85,1.2,36,46137512,17,20971576,46137512,17
64,hilbert,0.25,0.85,1.2,37,46137512,17,20971576,46137512,17
64,hilbert,0.25,0.85,1.2,38,46137512,17,20971576,46137512,17
64,hilbert,0.25,0.85,1.2,39,46137512,17,20971576,46137512,17
64,hilbert,0.25,0.85,1.2,40,46137512,17,20971576,46137512,17
64,hilbert,0.25,0.85,1.2,41,46137512,17,20971576,46137512,17
64,hilbert,0.25,0.85,1.2,42,46137512,17,20971576,46137512,17
64,hilbert,0.25,0.85,1.2,43,46137512,17,20971576,46137512,17
64,hilbert,0.25,0.85,1.2,44,46137512,17,20971576,46137512,17
64,hilbert,0.25,0.85,1.2,45,46137512,17,20971576,46137512,17
64,hilbert,0.25,0.85,1.2,46,46137512,17,20971576,46137512,17
64,hilbert,0.25,0.85,1.2,47,46137512,17,20971576,46137512,17
64,hilbert,0.25,0.85,1.2,48,46137512,17,20971576,46137512,17
64,hilbert,0.25,0.85,1.2,49,46137512,17,20971576,46137512,17
64,hilbert,0.25,0.85,1.2,50,46137512,17,20971576,46137512,17
64,hilbert,0.25,0.85,1.2,51,46137512,17,20971576,46137512,17
64,hilbert,0.25,0.85,1.2,52,46137512,17,20971576,46137512,17
64,hilbert,0.25,0.85,1.2,53,46137512,17,20971576,46137512,17
64,hilbert,0.25,0.85,1.2,54,46137512,17,20971576,46137512,17
64,hilbert,0.25,0.85,1.2,55,46137512,17,20971576,46137512,17
64,hilbert,0.25,0.85,1.2,56,46137512,17,20971576,46137512,17
64,hilbert,0.25,0.85,1.2,57,46137512,17,20971576,46137512,17
64,hilbert,0.25,0.85,1.2,58,46137512,17,20971576,46137512,17
64,hilbert,0.25,0.85,1.2,59,46137512,17,20971576,46137512,17
64,hilbert,0.25,0.85,1.2,60,46137512,17,20971576,46137512,17
64,hilbert,0.25,0.85,1.2,61,46137512,17,20971576,46137512,17
64,hilbert,0.25,0.85,1.2,62,46137512,17,20971576,46137512,17
64,hilbert,0.25,0.85,1.2,63,46137512,17,20971576,46137512,17
64,hilbert,0.5,0.6,1.6,0,29360232,9,20971576,29360232,9
64,hilbert,0.5,0.6,1.6,1,29360232,9,20971576,29360232,9
64,hilbert,0.5,0.6,1.6,2,29360232,9,20971576,29360232,9
64,hilbert,0.5,0.6,1.6,3,29360232,9,20971576,29360232,9
64,hilbert,0.5,0.6,1.6,4,29360232,9,20971576,29360232,9
64,hilbert,0.5,0.6,1.6,5,29360232,9,20971576,29360232,9
64,hilbert,0.5,0.6,1.6,6,29360232,9,20971576,29360232,9
64,hilbert,0.5,0.6,1.6,7,29360232,9,20971576,29360232,9
64,hilbert,0.5,0.6,1.6,8,29360232,9,20971576,29360232,9
64,hilbert,0.5,0.6,1.6,9,29360232,9,20971576,29360232,9
64,hilbert,0.5,0.6,1.6,10,29360232,9,20971576,29360232,9
64,hilbert,0.5,0.6,1.6,11,29360232,9,20971576,29360232,9
64,hilbert,0.5,0.6,1.6,12,29360232,9,20971576,29360232,9
64,hilbert,0.5,0.6,1.6,13,29360232,9,20971576,29360232,9
64,hilbert,0.5,0.6,1.6,14,29360232,9,20971576,29360232,9
64,hilbert,0.5,0.6,1.6,15,29360232,9,20971576,29360232,9
64,hilbert,0.5,0.6,1.6,16,29360232,9,20971576,29360232,9
64,hilbert,0.5,0.6,1.6,17,29360232,9,20971576,29360232,9
64,hilbert,0.5,0.6,1.6,18,29360232,9,20971576,29360232,9
64,hilbert,0.5,0.6,1.6,19,29360232,9,20971576,29360232,9
64,hilbert,0.5,0.6,1.6,20,29360232,9,20971576,29360232,9
64,hilbert,0.5,0.6,1.6,21,29360232,9,20971576,29360232,9
64,hilbert,0.5,0.6,1.6,22,29360232,9,20971576,29360232,9
64,hilbert,0.5,0.6,1.6,23,29360232,9,20971576,29360232,9
64,hilbert,0.5,0.6,1.6,24,29360232,9,20971576,29360232,9
64,hilbert,0.5,0.6,1.6,25,29360232,9,20971576,29360232,9
64,hilbert,0.5,0.6,1.6,26,29360232,9,20971576,29360232,9
64,hilbert,0.5,0.6,1.6,27,29360232,9,20971576,29360232,9
64,hilbert,0.5,0.6,1.6,28,29360232,9,20971576,29360232,9
64,hilbert,0.5,0.6,1.6,29,29360232,9,20971576,29360232,9
64,hilbert,0.5,0.6,1.6,30,29360232,9,20971576,29360232,9
64,hilbert,0.5,0.6,1.6,31,29360232,9,20971576,29360232,9
64,hilbert,0.5,0.6,1.6,32,29360232,9,20971576,29360232,9
64,hilbert,0.5,0.6,1.6,33,29360232,9,20971576,29360232,9
64,hilbert,0.5,0.6,1.6,34,29360232,9,20971576,29360232,9
64,hilbert,0.5,0.6,1.6,35,29360232,9,20971576,29360232,9
64,hilbert,0.5,0.6,1.6,36,29360232,9,20971576,29360232,9
64,hilbert,0.5,0.6,1.6,37,29360232,9,20971576,29360232,9
64,hilbert,0.5,0.6,1.6,38,29360232,9,20971576,29360232,9
64,hilbert,0.5,0.6,1.6,39,29360232,9,20971576,29360232,9
64,hilbert,0.5,0.6,1.6,40,29360232,9,20971576,29360232,9
64,hilbert,0.5,0.6,1.6,41,29360232,9,20971576,29360232,9
64,hilbert,0.5,0.6,1.6,42,29360232,9,20971576,29360232,9
64,hilbert,0.5,0.6,1.6,43,29360232,9,20971576,29360232,9
64,hilbert,0.5,0.6,1.6,44,29360232,9,20971576,29360232,9
64,hilbert,0.5,0.6,1.6,45,29360232,9,20971576,29360232,9
64,hilbert,0.5,0.6,1.6,46,29360232,9,20971576,29360232,9
64,hilbert,0.5,0.6,1.6,47,29360232,9,20971576,29360232,9
64,hilbert,0.5,0.6,1.6,48,29360232,9,20971576,29360232,9
64,hilbert,0.5,0.6,1.6,49,29360232,9,20971576,29360232,9
64,hilbert,0.5,0.6,1.6,50,29360232,9,20971576,29360232,9
64,hilbert,0.5,0.6,1.6,51,29360232,9,20971576,29360232,9
64,hilbert,0.5,0.6,1.6,52,29360232,9,20971576,29360232,9
64,hilbert,0.5,0.6,1.6,53,29360232,9,20971576,29360232,9
64,hilbert,0.5,0.6,1.6,54,29360232,9,20971576,29360232,9
64,hilbert,0.5,0.6,1.6,55,29360232,9,20971576,29360232,9
64,hilbert,0.5,0.6,1.6,56,29360232,9,20971576,29360232,9
64,hilbert,0.5,0.6,1.6,57,29360232,9,20971576,29360232,9
64,hilbert,0.5,0.6,1.6,58,29360232,9,20971576,29360232,9
64,hilbert,0.5,0.6,1.6,59,29360232,9,20971576,29360232,9
64,hilbert,0.5,0.6,1.6,60,29360232,9,20971576,29360232,9
64,hilbert,0.5,0.6,1.6,61,29360232,9,20971576,29360232,9
64,hilbert,0.5,0.6,1.6,62,29360232,9,20971576,29360232,9
64,hilbert,0.5,0.6,1.6,63,29360232,9,20971576,29360232,9
64,hilbert,0.5,0.6,1.6,0,29360232,9,20971576,29360232,9
64,hilbert,0.5,0.6,1.6,1,29360232,9,20971576,29360232,9
64,hilbert,0.5,0.6,1.6,2,29360232,9,20971576,29360232,9
64,hilbert,0.5,0.6,1.6,3,29360232,9,20971576,29360232,9
64,hilbert,0.5,0.6,1.6,4,29360232,9,20971576,29360232,9
64,hilbert,0.5,0.6,1.6,5,29360232,9,20971576,29360232,9
64,hilbert,0.5,0.6,1.6,6,29360232,9,20971576,29360232,9
64,hilbert,0.5,0.6,1.6,7,29360232,9,20971576,29360232,9
64,hilbert,0.5,0.6,1.6,8,29360232,9,20971576,29360232,9
64,hilbert,0.5,0.6,1.6,9,29360232,9,20971576,29360232,9
64,hilbert,0.5,0.6,1.6,10,29360232,9,20971576,29360232,9
64,hilbert,0.5,0.6,1.6,11,29360232,9,20971576,29360232,9
64,hilbert,0.5,0.6,1.6,12,29360232,9,20971576,29360232,9
64,hilbert,0.5,0.6,1.6,13,29360232,9,20971576,29360232,9
64,hilbert,0.5,0.6,1.6,14,29360232,9,20971576,29360232,9
64,hilbert,0.5,0.6,1.6,15,29360232,9,20971576,29360232,9
64,hilbert,0.5,0.6,1.6,16,29360232,9,20971576,29360232,9
64,hilbert,0.5,0.6,1.6,17,29360232,9,20971576,29360232,9
64,hilbert,0.5,0.6,1.6,18,29360232,9,20971576,29360232,9
64,hilbert,0.5,0.6,1.6,19,29360232,9,20971576,29360232,9
64,hilbert,0.5,0.6,1.6,20,29360232,9,20971576,29360232,9
64,hilbert,0.5,0.6,1.6,21,29360232,9,20971576,29360232,9
64,hilbert,0.5,0.6,1.6,22,29360232,9,20971576,29360232,9
64,hilbert,0.5,0.6,1.6,23,29360232,9,20971576,29360232,9
64,hilbert,0.5,0.6,1.6,24,29360232,9,20971576,29360232,9
64,hilbert,0.5,0.6,1.6,25,29360232,9,20971576,29360232,9
64,hilbert,0.5,0.6,1.6,26,29360232,9,20971576,29360232,9
64,hilbert,0.5,0.6,1.6,27,29360232,9,20971576,29360232,9
64,hilbert,0.5,0.6,1.6,28,29360232,9,20971576,29360232,9
64,hilbert,0.5,0.6,1.6,29,29360232,9,20971576,29360232,9
64,hilbert,0.5,0.6,1.6,30,29360232,9,20971576,29360232,9
64,hilbert,0.5,0.6,1.6,31,29360232,9,20971576,29360232,9
64,hilbert,0.5,0.6,1.6,32,29360232,9,20971576,29360232,9
64,hilbert,0.5,0.6,1.6,33,29360232,9,20971576,29360232,9
64,hilbert,0.5,0.6,1.6,34,29360232,9,20971576,29360232,9
64,hilbert,0.5,0.6,1.6,35,29360232,9,20971576,29360232,9
64,hilbert,0.5,0.6,1.6,36,29360232,9,20971576,29360232,9
64,hilbert,0.5,0.6,1.6,37,29360232,9,20971576,29360232,9
64,hilbert,0.5,0.6,1.6,38,29360232,9,20971576,29360232,9
64,hilbert,0.5,0.6,1.6,39,29360232,9,20971576,29360232,9
64,hilbert,0.5,0.6,1.6,40,29360232,9,20971576,29360232,9
64,hilbert,0.5,0.6,1.6,41,29360232,9,20971576,29360232,9
64,hilbert,0.5,0.6,1.6,42,29360232,9,20971576,29360232,9
64,hilbert,0.5,0.6,1.6,43,29360232,9,20971576,29360232,9
64,hilbert,0.5,0.6,1.6,44,29360232,9,20971576,29360232,9
64,hilbert,0.5,0.6,1.6,45,29360232,9,20971576,29360232,9
64,hilbert,0.5,0.6,1.6,46,29360232,9,20971576,29360232,9
64,hilbert,0.5,0.6,1.6,47,29360232,9,20971576,29360232,9
64,hilbert,0.5,0.6,1.6,48,29360232,9,20971576,29360232,9
64,hilbert,0.5,0.6,1.6,49,29360232,9,20971576,29360232,9
64,hilbert,0.5,0.6,1.6,50,29360232,9,20971576,29360232,9
64,hilbert,0.5,0.6,1.6,51,29360232,9,20971576,29360232,9
64,hilbert,0.5,0.6,1.6,52,29360232,9,20971576,29360232,9
64,hilbert,0.5,0.6,1.6,53,29360232,9,20971576,29360232,9
64,hilbert,0.5,0.6,1.6,54,29360232,9,20971576,29360232,9
64,hilbert,0.5,0.6,1.6,55,29360232,9,20971576,29360232,9
64,hilbert,0.5,0.6,1.6,56,29360232,9,20971576,29360232,9
64,hilbert,0.5,0.6,1.6,57,29360232,9,20971576,29360232,9
64,hilbert,0.5,0.6,1.6,58,29360232,9,20971576,29360232,9
64,hilbert,0.5,0.6,1.6,59,29360232,9,20971576,29360232,9
64,hilbert,0.5,0.6,1.6,60,29360232,9,20971576,29360232,9
64,hilbert,0.5,0.6,1.6,61,29360232,9,20971576,29360232,9
64,hilbert,0.5,0.6,1.6,62,29360232,9,20971576,29360232,9
64,hilbert,0.5,0.6,1.6,63,29360232,9,20971576,29360232,9
64,hilbert,0.05,0.92,1.08,0,29360232,9,20971576,29360232,9
64,hilbert,0.05,0.92,1.08,1,29360232,9,20971576,29360232,9
64,hilbert,0.05,0.92,1.08,2,29360232,9,20971576,29360232,9
64,hilbert,0.05,0.92,1.08,3,29360232,9,20971576,29360232,9
64,hilbert,0.05,0.92,1.08,4,29360232,9,20971576,29360232,9
64,hilbert,0.05,0.92,1.08,5,29360232,9,20971576,29360232,9
64,hilbert,0.05,0.92,1.08,6,29360232,9,20971576,29360232,9
64,hilbert,0.05,0.92,1.08,7,29360232,9,20971576,29360232,9
64,hilbert,0.05,0.92,1.08,8,29360232,9,20971576,29360232,9
64,hilbert,0.05,0.92,1.08,9,29360232,9,20971576,29360232,9
64,hilbert,0.05,0.92,1.08,10,29360232,9,20971576,29360232,9
64,hilbert,0.05,0.92,1.08,11,29360232,9,20971576,29360232,9
64,hilbert,0.05,0.92,1.08,12,29360232,9,20971576,29360232,9
64,hilbert,0.05,0.92,1.08,13,29360232,9,20971576,29360232,9
64,hilbert,0.05,0.92,1.08,14,29360232,9,20971576,29360232,9
64,hilbert,0.05,0.92,1.08,15,29360232,9,20971576,29360232,9
64,hilbert,0.05,0.92,1.08,16,29360232,9,20971576,29360232,9
64,hilbert,0.05,0.92,1.08,17,29360232,9,20971576,29360232,9
64,hilbert,0.05,0.92,1.08,18,29360232,9,20971576,29360232,9
64,hilbert,0.05,0.92,1.08,19,29360232,9,20971576,29360232,9
64,hilbert,0.05,0.92,1.08,20,29360232,9,20971576,29360232,9
64,hilbert,0.05,0.92,1.08,21,29360232,9,20971576,29360232,9
64,hilbert,0.05,0.92,1.08,22,29360232,9,20971576,29360232,9
64,hilbert,0.05,0.92,1.08,23,29360232,9,20971576,29360232,9
64,hilbert,0.05,0.92,1.08,24,29360232,9,20971576,29360232,9
64,hilbert,0.05,0.92,1.08,25,29360232,9,20971576,29360232,9
64,hilbert,0.05,0.92,1.08,26,29360232,9,20971576,29360232,9
64,hilbert,0.05,0.92,1.08,27,29360232,9,20971576,29360232,9
64,hilbert,0.05,0.92,1.08,28,29360232,9,20971576,29360232,9
64,hilbert,0.05,0.92,1.08,29,29360232,9,20971576,29360232,9
64,hilbert,0.05,0.92,1.08,30,29360232,9,20971576,29360232,9
64,hilbert,0.05,0.92,1.08,31,29360232,9,20971576,29360232,9
64,hilbert,0.05,0.92,1.08,32,29360232,9,20971576,29360232,9
64,hilbert,0.05,0.92,1.08,33,29360232,9,20971576,29360232,9
64,hilbert,0.05,0.92,1.08,34,29360232,9,20971576,29360232,9
64,hilbert,0.05,0.92,1.08,35,29360232,9,20971576,29360232,9
64,hilbert,0.05,0.92,1.08,36,29360232,9,20971576,29360232,9
64,hilbert,0.05,0.92,1.08,37,29360232,9,20971576,29360232,9
64,hilbert,0.05,0.92,1.08,38,29360232,9,20971576,29360232,9
64,hilbert,0.05,0.92,1.08,39,29360232,9,20971576,29360232,9
64,hilbert,0.05,0.92,1.08,40,29360232,9,20971576,29360232,9
64,hilbert,0.05,0.92,1.08,41,29360232,9,20971576,29360232,9
64,hilbert,0.05,0.92,1.08,42,29360232,9,20971576,29360232,9
64,hilbert,0.05,0.92,1.08,43,29360232,9,20971576,29360232,9
64,hilbert,0.05,0.92,1.08,44,29360232,9,20971576,29360232,9
64,hilbert,0.05,0.92,1.08,45,29360232,9,20971576,29360232,9
64,hilbert,0.05,0.92,1.08,46,29360232,9,20971576,29360232,9
64,hilbert,0.05,0.92,1.08,47,29360232,9,20971576,29360232,9
64,hilbert,0.05,0.92,1.08,48,29360232,9,20971576,29360232,9
64,hilbert,0.05,0.92,1.08,49,29360232,9,20971576,29360232,9
64,hilbert,0.05,0.92,1.08,50,29360232,9,20971576,29360232,9
64,hilbert,0.05,0.92,1.08,51,29360232,9,20971576,29360232,9
64,hilbert,0.05,0.92,1.08,52,29360232,9,20971576,29360232,9
64,hilbert,0.05,0.92,1.08,53,29360232,9,20971576,29360232,9
64,hilbert,0.05,0.92,1.08,54,29360232,9,20971576,29360232,9
64,hilbert,0.05,0.92,1.08,55,29360232,9,20971576,29360232,9
64,hilbert,0.05,0.92,1.08,56,29360232,9,20971576,29360232,9
64,hilbert,0.05,0.92,1.08,57,29360232,9,20971576,29360232,9
64,hilbert,0.05,0.92,1.08,58,29360232,9,20971576,29360232,9
64,hilbert,0.05,0.92,1.08,59,29360232,9,20971576,29360232,9
64,hilbert,0.05,0.92,1.08,60,29360232,9,20971576,29360232,9
64,hilbert,0.05,0.92,1.08,61,29360232,9,20971576,29360232,9
64,hilbert,0.05,0.92,1.08,62,29360232,9,20971576,29360232,9
64,hilbert,0.05,0.92,1.08,63,29360232,9,20971576,29360232,9
64,hilbert,0.05,0.92,1.08,0,29360232,9,20971576,29360232,9
64,hilbert,0.05,0.92,1.08,1,29360232,9,20971576,29360232,9
64,hilbert,0.05,0.92,1.08,2,29360232,9,20971576,29360232,9
64,hilbert,0.05,0.92,1.08,3,29360232,9,20971576,29360232,9
64,hilbert,0.05,0.92,1.08,4,29360232,9,20971576,29360232,9
64,hilbert,0.05,0.92,1.08,5,29360232,9,20971576,29360232,9
64,hilbert,0.05,0.92,1.08,6,29360232,9,20971576,29360232,9
64,hilbert,0.05,0.92,1.08,7,29360232,9,20971576,29360232,9
64,hilbert,0.05,0.92,1.08,8,29360232,9,20971576,29360232,9
64,hilbert,0.05,0.92,1.08,9,29360232,9,20971576,29360232,9
64,hilbert,0.05,0.92,1.08,10,29360232,9,20971576,29360232,9
64,hilbert,0.05,0.92,1.08,11,29360232,9,20971576,29360232,9
64,hilbert,0.05,0.92,1.08,12,29360232,9,20971576,29360232,9
64,hilbert,0.05,0.92,1.08,13,29360232,9,20971576,29360232,9
64,hilbert,0.05,0.92,1.08,14,29360232,9,20971576,29360232,9
64,hilbert,0.05,0.92,1.08,15,29360232,9,20971576,29360232,9
64,hilbert,0.05,0.92,1.08,16,29360232,9,20971576,29360232,9
64,hilbert,0.05,0.92,1.08,17,29360232,9,20971576,29360232,9
64,hilbert,0.05,0.92,1.08,18,29360232,9,20971576,29360232,9
64,hilbert,0.05,0.92,1.08,19,29360232,9,20971576,29360232,9
64,hilbert,0.05,0.92,1.08,20,29360232,9,20971576,29360232,9
64,hilbert,0.05,0.92,1.08,21,29360232,9,20971576,29360232,9
64,hilbert,0.05,0.92,1.08,22,29360232,9,20971576,29360232,9
64,hilbert,0.05,0.92,1.08,23,29360232,9,20971576,29360232,9
64,hilbert,0.05,0.92,1.08,24,29360232,9,20971576,29360232,9
64,hilbert,0.05,0.92,1.08,25,29360232,9,20971576,29360232,9
64,hilbert,0.05,0.92,1.08,26,29360232,9,20971576,29360232,9
64,hilbert,0.05,0.92,1.08,27,29360232,9,20971576,29360232,9
64,hilbert,0.05,0.92,1.08,28,29360232,9,20971576,29360232,9
64,hilbert,0.05,0.92,1.08,29,29360232,9,20971576,29360232,9
64,hilbert,0.05,0.92,1.08,30,29360232,9,20971576,29360232,9
64,hilbert,0.05,0.92,1.08,31,29360232,9,20971576,29360232,9
64,hilbert,0.05,0.92,1.08,32,29360232,9,20971576,29360232,9
64,hilbert,0.05,0.92,1.08,33,29360232,9,20971576,29360232,9
64,hilbert,0.05,0.92,1.08,34,29360232,9,20971576,29360232,9
64,hilbert,0.05,0.92,1.08,35,29360232,9,20971576,29360232,9
64,hilbert,0.05,0.92,1.08,36,29360232,9,20971576,29360232,9
64,hilbert,0.05,0.92,1.08,37,29360232,9,20971576,29360232,9
64,hilbert,0.05,0.92,1.08,38,29360232,9,20971576,29360232,9
64,hilbert,0.05,0.92,1.08,39,29360232,9,20971576,29360232,9
64,hilbert,0.05,0.92,1.08,40,29360232,9,20971576,29360232,9
64,hilbert,0.05,0.92,1.08,41,29360232,9,20971576,29360232,9
64,hilbert,0.05,0.92,1.08,42,29360232,9,20971576,29360232,9
64,hilbert,0.05,0.92,1.08,43,29360232,9,20971576,29360232,9
64,hilbert,0.05,0.92,1.08,44,29360232,9,20971576,29360232,9
64,hilbert,0.05,0.92,1.08,45,29360232,9,20971576,29360232,9
64,hilbert,0.05,0.92,1.08,46,29360232,9,20971576,29360232,9
64,hilbert,0.05,0.92,1.08,47,29360232,9,20971576,29360232,9
64,hilbert,0.05,0.92,1.08,48,29360232,9,20971576,29360232,9
64,hilbert,0.05,0.92,1.08,49,29360232,9,20971576,29360232,9
64,hilbert,0.05,0.92,1.08,50,29360232,9,20971576,29360232,9
64,hilbert,0.05,0.92,1.08,51,29360232,9,20971576,29360232,9
64,hilbert,0.05,0.92,1.08,52,29360232,9,20971576,29360232,9
64,hilbert,0.05,0.92,1.08,53,29360232,9,20971576,29360232,9
64,hilbert,0.05,0.92,1.08,54,29360232,9,20971576,29360232,9
64,hilbert,0.05,0.92,1.08,55,29360232,9,20971576,29360232,9
64,hilbert,0.05,0.92,1.08,56,29360232,9,20971576,29360232,9
64,hilbert,0.05,0.92,1.08,57,29360232,9,20971576,29360232,9
64,hilbert,0.05,0.92,1.08,58,29360232,9,20971576,29360232,9
64,hilbert,0.05,0.92,1.08,59,29360232,9,20971576,29360232,9
64,hilbert,0.05,0.92,1.08,60,29360232,9,20971576,29360232,9
64,hilbert,0.05,0.92,1.08,61,29360232,9,20971576,29360232,9
64,hilbert,0.05,0.92,1.08,62,29360232,9,20971576,29360232,9
64,hilbert,0.05,0.92,1.08,63,29360232,9,20971576,29360232,9
64,rcb,,,,0,8395576,98,8395576,8388664,2
64,rcb,,,,1,8395576,98,8395576,8388664,2
64,rcb,,,,2,8395576,98,8395576,8388664,2
64,rcb,,,,3,8395576,98,8395576,8388664,2
64,rcb,,,,4,8395576,98,8395576,8388664,2
64,rcb,,,,5,8395576,98,8395576,8388664,2
64,rcb,,,,6,8395576,98,8395576,8388664,2
64,rcb,,,,7,8395576,98,8395576,8388664,2
64,rcb,,,,8,8395576,98,8395576,8388664,2
64,rcb,,,,9,8395576,98,8395576,8388664,2
64,rcb,,,,10,8395576,98,8395576,8388664,2
64,rcb,,,,11,8395576,98,8395576,8388664,2
64,rcb,,,,12,8395576,98,8395576,8388664,2
64,rcb,,,,13,8395576,98,8395576,8388664,2
64,rcb,,,,14,8395576,98,8395576,8388664,2
64,rcb,,,,15,8395576,98,8395576,8388664,2
64,rcb,,,,16,8395576,98,8395576,8388664,2
64,rcb,,,,17,8395576,98,8395576,8388664,2
64,rcb,,,,18,8395576,98,8395576,8388664,2
64,rcb,,,,19,8395576,98,8395576,8388664,2
64,rcb,,,,20,8395576,98,8395576,8388664,2
64,rcb,,,,21,8395576,98,8395576,8388664,2
64,rcb,,,,22,8395576,98,8395576,8388664,2
64,rcb,,,,23,8395576,98,8395576,8388664,2
64,rcb,,,,24,8395576,98,8395576,8388664,2
64,rcb,,,,25,8395576,98,8395576,8388664,2
64,rcb,,,,26,8395576,98,8395576,8388664,2
64,rcb,,,,27,8395576,98,8395576,8388664,2
64,rcb,,,,28,8395576,98,8395576,8388664,2
64,rcb,,,,29,8395576,98,8395576,8388664,2
64,rcb,,,,30,8395576,98,8395576,8388664,2
64,rcb,,,,31,8395576,98,8395576,8388664,2
64,rcb,,,,32,8395576,98,8395576,8388664,2
64,rcb,,,,33,8395576,98,8395576,8388664,2
64,rcb,,,,34,8395576,98,8395576,8388664,2
64,rcb,,,,35,8395576,98,8395576,8388664,2
64,rcb,,,,36,8395576,98,8395576,8388664,2
64,rcb,,,,37,8395576,98,8395576,8388664,2
64,rcb,,,,38,8395576,98,8395576,8388664,2
64,rcb,,,,39,8395576,98,8395576,8388664,2
64,rcb,,,,40,8395576,98,8395576,8388664,2
64,rcb,,,,41,8395576,98,8395576,8388664,2
64,rcb,,,,42,8395576,98,8395576,8388664,2
64,rcb,,,,43,8395576,98,8395576,8388664,2
64,rcb,,,,44,8395576,98,8395576,8388664,2
64,rcb,,,,45,8395576,98,8395576,8388664,2
64,rcb,,,,46,8395576,98,8395576,8388664,2
64,rcb,,,,47,8395576,98,8395576,8388664,2
64,rcb,,,,48,8395576,98,8395576,8388664,2
64,rcb,,,,49,8395576,98,8395576,8388664,2
64,rcb,,,,50,8395576,98,8395576,8388664,2
64,rcb,,,,51,8395576,98,8395576,8388664,2
64,rcb,,,,52,8395576,98,8395576,8388664,2
64,rcb,,,,53,8395576,98,8395576,8388664,2
64,rcb,,,,54,8395576,98,8395576,8388664,2
64,rcb,,,,55,8395576,98,8395576,8388664,2
64,rcb,,,,56,8395576,98,8395576,8388664,2
64,rcb,,,,57,8395576,98,8395576,8388664,2
64,rcb,,,,58,8395576,98,8395576,8388664,2
64,rcb,,,,59,8395576,98,8395576,8388664,2
64,rcb,,,,60,8395576,98,8395576,8388664,2
64,rcb,,,,61,8395576,98,8395576,8388664,2
64,rcb,,,,62,8395576,98,8395576,8388664,2
64,rcb,,,,63,8395576,98,8395576,8388664,2
64,rcb,0.25,0.85,1.2,0,16784184,99,16784184,16777272,3
64,rcb,0.25,0.85,1.2,1,16784184,99,16784184,16777272,3
64,rcb,0.25,0.85,1.2,2,16784184,99,16784184,16777272,3
64,rcb,0.25,0.85,1.2,3,16784184,99,16784184,16777272,3
64,rcb,0.25,0.85,1.2,4,16784184,99,16784184,16777272,3
64,rcb,0.25,0.85,1.2,5,16784184,99,16784184,16777272,3
64,rcb,0.25,0.85,1.2,6,16784184,99,16784184,16777272,3
64,rcb,0.25,0.85,1.2,7,16784184,99,16784184,16777272,3
64,rcb,0.25,0.85,1.2,8,16784184,99,16784184,16777272,3
64,rcb,0.25,0.85,1.2,9,16784184,99,16784184,16777272,3
64,rcb,0.25,0.85,1.2,10,16784184,99,16784184,16777272,3
64,rcb,0.25,0.85,1.2,11,16784184,99,16784184,16777272,3
64,rcb,0.25,0.85,1.2,12,16784184,99,16784184,16777272,3
64,rcb,0.25,0.85,1.2,13,16784184,99,16784184,16777272,3
64,rcb,0.25,0.85,1.2,14,16784184,99,16784184,16777272,3
64,rcb,0.25,0.85,1.2,15,16784184,99,16784184,16777272,3
64,rcb,0.25,0.85,1.2,16,16784184,99,16784184,16777272,3
64,rcb,0.25,0.85,1.2,17,16784184,99,16784184,16777272,3
64,rcb,0.25,0.85,1.2,18,16784184,99,16784184,16777272,3
64,rcb,0.25,0.85,1.2,19,16784184,99,16784184,16777272,3
64,rcb,0.25,0.85,1.2,20,16784184,99,16784184,16777272,3
64,rcb,0.25,0.85,1.2,21,16784184,99,16784184,16777272,3
64,rcb,0.25,0.85,1.2,22,16784184,99,16784184,16777272,3
64,rcb,0.25,0.85,1.2,23,16784184,99,16784184,16777272,3
64,rcb,0.25,0.85,1.2,24,16784184,99,16784184,16777272,3
64,rcb,0.25,0.85,1.2,25,16784184,99,16784184,16777272,3
64,rcb,0.25,0.85,1.2,26,16784184,99,16784184,16777272,3
64,rcb,0.25,0.85,1.2,27,16784184,99,16784184,16777272,3
64,rcb,0.25,0.85,1.2,28,16784184,99,16784184,16777272,3
64,rcb,0.25,0.85,1.2,29,16784184,99,16784184,16777272,3
64,rcb,0.25,0.85,1.2,30,16784184,99,16784184,16777272,3
64,rcb,0.25,0.85,1.2,31,16784184,99,16784184,16777272,3
64,rcb,0.25,0.85,1.2,32,16784184,99,16784184,16777272,3
64,rcb,0.25,0.85,1.2,33,16784184,99,16784184,16777272,3
64,rcb,0.25,0.85,1.2,34,16784184,99,16784184,16777272,3
64,rcb,0.25,0.85,1.2,35,16784184,99,16784184,16777272,3
64,rcb,0.25,0.85,1.2,36,16784184,99,16784184,16777272,3
64,rcb,0.25,0.85,1.2,37,16784184,99,16784184,16777272,3
64,rcb,0.25,0.85,1.2,38,16784184,99,16784184,16777272,3
64,rcb,0.25,0.85,1.2,39,16784184,99,16784184,16777272,3
64,rcb,0.25,0.85,1.2,40,16784184,99,16784184,16777272,3
64,rcb,0.25,0.85,1.2,41,16784184,99,16784184,16777272,3
64,rcb,0.25,0.85,1.2,42,16784184,99,16784184,16777272,3
64,rcb,0.25,0.85,1.2,43,16784184,99,16784184,16777272,3
64,rcb,0.25,0.85,1.2,44,16784184,99,16784184,16777272,3
64,rcb,0.25,0.85,1.2,45,16784184,99,16784184,16777272,3
64,rcb,0.25,0.85,1.2,46,16784184,99,16784184,16777272,3
64,rcb,0.25,0.85,1.2,47,16784184,99,16784184,16777272,3
64,rcb,0.25,0.85,1.2,48,16784184,99,16784184,16777272,3
64,rcb,0.25,0.85,1.2,49,16784184,99,16784184,16777272,3
64,rcb,0.25,0.85,1.2,50,16784184,99,16784184,16777272,3
64,rcb,0.25,0.85,1.2,51,16784184,99,16784184,16777272,3
64,rcb,0.25,0.85,1.2,52,16784184,99,16784184,16777272,3
64,rcb,0.25,0.85,1.2,53,16784184,99,16784184,16777272,3
64,rcb,0.25,0.85,1.2,54,16784184,99,16784184,16777272,3
64,rcb,0.25,0.85,1.2,55,16784184,99,16784184,16777272,3
64,rcb,0.25,0.85,1.2,56,16784184,99,16784184,16777272,3
64,rcb,0.25,0.85,1.2,57,16784184,99,16784184,16777272,3
64,rcb,0.25,0.85,1.2,58,16784184,99,16784184,16777272,3
64,rcb,0.25,0.85,1.2,59,16784184,99,16784184,16777272,3
64,rcb,0.25,0.85,1.2,60,16784184,99,16784184,16777272,3
64,rcb,0.25,0.85,1.2,61,16784184,99,16784184,16777272,3
64,rcb,0.25,0.85,1.2,62,16784184,99,16784184,16777272,3
64,rcb,0.25,0.85,1.2,63,16784184,99,16784184,16777272,3
64,rcb,0.25,0.85,1.2,0,16784184,99,16784184,16777272,3
64,rcb,0.25,0.85,1.2,1,16784184,99,16784184,16777272,3
64,rcb,0.25,0.85,1.2,2,16784184,99,16784184,16777272,3
64,rcb,0.25,0.85,1.2,3,16784184,99,16784184,16777272,3
64,rcb,0.25,0.85,1.2,4,16784184,99,16784184,16777272,3
64,rcb,0.25,0.85,1.2,5,16784184,99,16784184,16777272,3
64,rcb,0.25,0.85,1.2,6,16784184,99,16784184,16777272,3
64,rcb,0.25,0.85,1.2,7,16784184,99,16784184,16777272,3
64,rcb,0.25,0.85,1.2,8,16784184,99,16784184,16777272,3
64,rcb,0.25,0.85,1.2,9,16784184,99,16784184,16777272,3
64,rcb,0.25,0.85,1.2,10,16784184,99,16784184,16777272,3
64,rcb,0.25,0.85,1.2,11,16784184,99,16784184,16777272,3
64,rcb,0.25,0.85,1.2,12,16784184,99,16784184,16777272,3
64,rcb,0.25,0.85,1.2,13,16784184,99,16784184,16777272,3
64,rcb,0.25,0.85,1.2,14,16784184,99,16784184,16777272,3
64,rcb,0.25,0.85,1.2,15,16784184,99,16784184,16777272,3
64,rcb,0.25,0.85,1.2,16,16784184,99,16784184,16777272,3
64,rcb,0.25,0.85,1.2,17,16784184,99,16784184,16777272,3
64,rcb,0.25,0.85,1.2,18,16784184,99,16784184,16777272,3
64,rcb,0.25,0.85,1.2,19,16784184,99,16784184,16777272,3
64,rcb,0.25,0.85,1.2,20,16784184,99,16784184,16777272,3
64,rcb,0.25,0.85,1.2,21,16784184,99,16784184,16777272,3
64,rcb,0.25,0.85,1.2,22,16784184,99,16784184,16777272,3
64,rcb,0.25,0.85,1.2,23,16784184,99,16784184,16777272,3
64,rcb,0.25,0.85,1.2,24,16784184,99,16784184,16777272,3
64,rcb,0.25,0.85,1.2,25,16784184,99,16784184,16777272,3
64,rcb,0.25,0.85,1.2,26,16784184,99,16784184,16777272,3
64,rcb,0.25,0.85,1.2,27,16784184,99,16784184,16777272,3
64,rcb,0.25,0.85,1.2,28,16784184,99,16784184,16777272,3
64,rcb,0.25,0.85,1.2,29,16784184,99,16784184,16777272,3
64,rcb,0.25,0.85,1.2,30,16784184,99,16784184,16777272,3
64,rcb,0.25,0.85,1.2,31,16784184,99,16784184,16777272,3
64,rcb,0.25,0.85,1.2,32,16784184,99,16784184,16777272,3
64,rcb,0.25,0.85,1.2,33,16784184,99,16784184,16777272,3
64,rcb,0.25,0.85,1.2,34,16784184,99,16784184,16777272,3
64,rcb,0.25,0.85,1.2,35,16784184,99,16784184,16777272,3
64,rcb,0.25,0.85,1.2,36,16784184,99,16784184,16777272,3
64,rcb,0.25,0.85,1.2,37,16784184,99,16784184,16777272,3
64,rcb,0.25,0.85,1.2,38,16784184,99,16784184,16777272,3
64,rcb,0.25,0.85,1.2,39,16784184,99,16784184,16777272,3
64,rcb,0.25,0.85,1.2,40,16784184,99,16784184,16777272,3
64,rcb,0.25,0.85,1.2,41,16784184,99,16784184,16777272,3
64,rcb,0.25,0.85,1.2,42,16784184,99,16784184,16777272,3
64,rcb,0.25,0.85,1.2,43,16784184,99,16784184,16777272,3
64,rcb,0.25,0.85,1.2,44,16784184,99,16784184,16777272,3
64,rcb,0.25,0.85,1.2,45,16784184,99,16784184,16777272,3
64,rcb,0.25,0.85,1.2,46,16784184,99,16784184,16777272,3
64,rcb,0.25,0.85,1.2,47,16784184,99,16784184,16777272,3
64,rcb,0.25,0.85,1.2,48,16784184,99,16784184,16777272,3
64,rcb,0.25,0.85,1.2,49,16784184,99,16784184,16777272,3
64,rcb,0.25,0.85,1.2,50,16784184,99,16784184,16777272,3
64,rcb,0.25,0.85,1.2,51,16784184,99,16784184,16777272,3
64,rcb,0.25,0.85,1.2,52,16784184,99,16784184,16777272,3
64,rcb,0.25,0.85,1.2,53,16784184,99,16784184,16777272,3
64,rcb,0.25,0.85,1.2,54,16784184,99,16784184,16777272,3
64,rcb,0.25,0.85,1.2,55,16784184,99,16784184,16777272,3
64,rcb,0.25,0.85,1.2,56,16784184,99,16784184,16777272,3
64,rcb,0.25,0.85,1.2,57,16784184,99,16784184,16777272,3
64,rcb,0.25,0.85,1.2,58,16784184,99,16784184,16777272,3
64,rcb,0.25,0.85,1.2,59,16784184,99,16784184,16777272,3
64,rcb,0.25,0.85,1.2,60,16784184,99,16784184,16777272,3
64,rcb,0.25,0.85,1.2,61,16784184,99,16784184,16777272,3
64,rcb,0.25,0.85,1.2,62,16784184,99,16784184,16777272,3
64,rcb,0.25,0.85,1.2,63,16784184,99,16784184,16777272,3
64,rcb,0.5,0.6,1.6,0,16784184,99,16784184,16777272,3
64,rcb,0.5,0.6,1.6,1,16784184,99,16784184,16777272,3
64,rcb,0.5,0.6,1.6,2,16784184,99,16784184,16777272,3
64,rcb,0.5,0.6,1.6,3,16784184,99,16784184,16777272,3
64,rcb,0.5,0.6,1.6,4,16784184,99,16784184,16777272,3
64,rcb,0.5,0.6,1.6,5,16784184,99,16784184,16777272,3
64,rcb,0.5,0.6,1.6,6,16784184,99,16784184,16777272,3
64,rcb,0.5,0.6,1.6,7,16784184,99,16784184,16777272,3
64,rcb,0.5,0.6,1.6,8,16784184,99,16784184,16777272,3
64,rcb,0.5,0.6,1.6,9,16784184,99,16784184,16777272,3
64,rcb,0.5,0.6,1.6,10,16784184,99,16784184,16777272,3
64,rcb,0.5,0.6,1.6,11,16784184,99,16784184,16777272,3
64,rcb,0.5,0.6,1.6,12,16784184,99,16784184,16777272,3
64,rcb,0.5,0.6,1.6,13,16784184,99,16784184,16777272,3
64,rcb,0.5,0.6,1.6,14,16784184,99,16784184,16777272,3
64,rcb,0.5,0.6,1.6,15,16784184,99,16784184,16777272,3
64,rcb,0.5,0.6,1.6,16,16784184,99,16784184,16777272,3
64,rcb,0.5,0.6,1.6,17,16784184,99,16784184,16777272,3
64,rcb,0.5,0.6,1.6,18,16784184,99,16784184,16777272,3
64,rcb,0.5,0.6,1.6,19,16784184,99,16784184,16777272,3
64,rcb,0.5,0.6,1.6,20,16784184,99,16784184,16777272,3
64,rcb,0.5,0.6,1.6,21,16784184,99,16784184,16777272,3
64,rcb,0.5,0.6,1.6,22,16784184,99,16784184,16777272,3
64,rcb,0.5,0.6,1.6,23,16784184,99,16784184,16777272,3
64,rcb,0.5,0.6,1.6,24,16784184,99,16784184,16777272,3
64,rcb,0.5,0.6,1.6,25,16784184,99,16784184,16777272,3
64,rcb,0.5,0.6,1.6,26,16784184,99,16784184,16777272,3
64,rcb,0.5,0.6,1.6,27,16784184,99,16784184,16777272,3
64,rcb,0.5,0.6,1.6,28,16784184,99,16784184,16777272,3
64,rcb,0.5,0.6,1.6,29,16784184,99,16784184,16777272,3
64,rcb,0.5,0.6,1.6,30,16784184,99,16784184,16777272,3
64,rcb,0.5,0.6,1.6,31,16784184,99,16784184,16777272,3
64,rcb,0.5,0.6,1.6,32,16784184,99,16784184,16777272,3
64,rcb,0.5,0.6,1.6,33,16784184,99,16784184,16777272,3
64,rcb,0.5,0.6,1.6,34,16784184,99,16784184,16777272,3
64,rcb,0.5,0.6,1.6,35,16784184,99,16784184,16777272,3
64,rcb,0.5,0.6,1.6,36,16784184,99,16784184,16777272,3
64,rcb,0.5,0.6,1.6,37,16784184,99,16784184,16777272,3
64,rcb,0.5,0.6,1.6,38,16784184,99,16784184,16777272,3
64,rcb,0.5,0.6,1.6,39,16784184,99,16784184,16777272,3
64,rcb,0.5,0.6,1.6,40,16784184,99,16784184,16777272,3
64,rcb,0.5,0.6,1.6,41,16784184,99,16784184,16777272,3
64,rcb,0.5,0.6,1.6,42,16784184,99,16784184,16777272,3
64,rcb,0.5,0.6,1.6,43,16784184,99,16784184,16777272,3
64,rcb,0.5,0.6,1.6,44,16784184,99,16784184,16777272,3
64,rcb,0.5,0.6,1.6,45,16784184,99,16784184,16777272,3
64,rcb,0.5,0.6,1.6,46,16784184,99,16784184,16777272,3
64,rcb,0.5,0.6,1.6,47,16784184,99,16784184,16777272,3
64,rcb,0.5,0.6,1.6,48,16784184,99,16784184,16777272,3
64,rcb,0.5,0.6,1.6,49,16784184,99,16784184,16777272,3
64,rcb,0.5,0.6,1.6,50,16784184,99,16784184,16777272,3
64,rcb,0.5,0.6,1.6,51,16784184,99,16784184,16777272,3
64,rcb,0.5,0.6,1.6,52,16784184,99,16784184,16777272,3
64,rcb,0.5,0.6,1.6,53,16784184,99,16784184,16777272,3
64,rcb,0.5,0.6,1.6,54,16784184,99,16784184,16777272,3
64,rcb,0.5,0.6,1.6,55,16784184,99,16784184,16777272,3
64,rcb,0.5,0.6,1.6,56,16784184,99,16784184,16777272,3
64,rcb,0.5,0.6,1.6,57,16784184,99,16784184,16777272,3
64,rcb,0.5,0.6,1.6,58,16784184,99,16784184,16777272,3
64,rcb,0.5,0.6,1.6,59,16784184,99,16784184,16777272,3
64,rcb,0.5,0.6,1.6,60,16784184,99,16784184,16777272,3
64,rcb,0.5,0.6,1.6,61,16784184,99,16784184,16777272,3
64,rcb,0.5,0.6,1.6,62,16784184,99,16784184,16777272,3
64,rcb,0.5,0.6,1.6,63,16784184,99,16784184,16777272,3
64,rcb,0.5,0.6,1.6,0,16784184,99,16784184,16777272,3
64,rcb,0.5,0.6,1.6,1,16784184,99,16784184,16777272,3
64,rcb,0.5,0.6,1.6,2,16784184,99,16784184,16777272,3
64,rcb,0.5,0.6,1.6,3,16784184,99,16784184,16777272,3
64,rcb,0.5,0.6,1.6,4,16784184,99,16784184,16777272,3
64,rcb,0.5,0.6,1.6,5,16784184,99,16784184,16777272,3
64,rcb,0.5,0.6,1.6,6,16784184,99,16784184,16777272,3
64,rcb,0.5,0.6,1.6,7,16784184,99,16784184,16777272,3
64,rcb,0.5,0.6,1.6,8,16784184,99,16784184,16777272,3
64,rcb,0.5,0.6,1.6,9,16784184,99,16784184,16777272,3
64,rcb,0.5,0.6,1.6,10,16784184,99,16784184,16777272,3
64,rcb,0.5,0.6,1.6,11,16784184,99,16784184,16777272,3
64,rcb,0.5,0.6,1.6,12,16784184,99,16784184,16777272,3
64,rcb,0.5,0.6,1.6,13,16784184,99,16784184,16777272,3
64,rcb,0.5,0.6,1.6,14,16784184,99,16784184,16777272,3
64,rcb,0.5,0.6,1.6,15,16784184,99,16784184,16777272,3
64,rcb,0.5,0.6,1.6,16,16784184,99,16784184,16777272,3
64,rcb,0.5,0.6,1.6,17,16784184,99,16784184,16777272,3
64,rcb,0.5,0.6,1.6,18,16784184,99,16784184,16777272,3
64,rcb,0.5,0.6,1.6,19,16784184,99,16784184,16777272,3
64,rcb,0.5,0.6,1.6,20,16784184,99,16784184,16777272,3
64,rcb,0.5,0.6,1.6,21,16784184,99,16784184,16777272,3
64,rcb,0.5,0.6,1.6,22,16784184,99,16784184,16777272,3
64,rcb,0.5,0.6,1.6,23,16784184,99,16784184,16777272,3
64,rcb,0.5,0.6,1.6,24,16784184,99,16784184,16777272,3
64,rcb,0.5,0.6,1.6,25,16784184,99,16784184,16777272,3
64,rcb,0.5,0.6,1.6,26,16784184,99,16784184,16777272,3
64,rcb,0.5,0.6,1.6,27,16784184,99,16784184,16777272,3
64,rcb,0.5,0.6,1.6,28,16784184,99,16784184,16777272,3
64,rcb,0.5,0.6,1.6,29,16784184,99,16784184,16777272,3
64,rcb,0.5,0.6,1.6,30,16784184,99,16784184,16777272,3
64,rcb,0.5,0.6,1.6,31,16784184,99,16784184,16777272,3
64,rcb,0.5,0.6,1.6,32,16784184,99,16784184,16777272,3
64,rcb,0.5,0.6,1.6,33,16784184,99,16784184,16777272,3
64,rcb,0.5,0.6,1.6,34,16784184,99,16784184,16777272,3
64,rcb,0.5,0.6,1.6,35,16784184,99,16784184,16777272,3
64,rcb,0.5,0.6,1.6,36,16784184,99,16784184,16777272,3
64,rcb,0.5,0.6,1.6,37,16784184,99,16784184,16777272,3
64,rcb,0.5,0.6,1.6,38,16784184,99,16784184,16777272,3
64,rcb,0.5,0.6,1.6,39,16784184,99,16784184,16777272,3
64,rcb,0.5,0.6,1.6,40,16784184,99,16784184,16777272,3
64,rcb,0.5,0.6,1.6,41,16784184,99,16784184,16777272,3
64,rcb,0.5,0.6,1.6,42,16784184,99,16784184,16777272,3
64,rcb,0.5,0.6,1.6,43,16784184,99,16784184,16777272,3
64,rcb,0.5,0.6,1.6,44,16784184,99,16784184,16777272,3
64,rcb,0.5,0.6,1.6,45,16784184,99,16784184,16777272,3
64,rcb,0.5,0.6,1.6,46,16784184,99,16784184,16777272,3
64,rcb,0.5,0.6,1.6,47,16784184,99,16784184,16777272,3
64,rcb,0.5,0.6,1.6,48,16784184,99,16784184,16777272,3
64,rcb,0.5,0.6,1.6,49,16784184,99,16784184,16777272,3
64,rcb,0.5,0.6,1.6,50,16784184,99,16784184,16777272,3
64,rcb,0.5,0.6,1.6,51,16784184,99,16784184,16777272,3
64,rcb,0.5,0.6,1.6,52,16784184,99,16784184,16777272,3
64,rcb,0.5,0.6,1.6,53,16784184,99,16784184,16777272,3
64,rcb,0.5,0.6,1.6,54,16784184,99,16784184,16777272,3
64,rcb,0.5,0.6,1.6,55,16784184,99,16784184,16777272,3
64,rcb,0.5,0.6,1.6,56,16784184,99,16784184,16777272,3
64,rcb,0.5,0.6,1.6,57,16784184,99,16784184,16777272,3
64,rcb,0.5,0.6,1.6,58,16784184,99,16784184,16777272,3
64,rcb,0.5,0.6,1.6,59,16784184,99,16784184,16777272,3
64,rcb,0.5,0.6,1.6,60,16784184,99,16784184,16777272,3
64,rcb,0.5,0.6,1.6,61,16784184,99,16784184,16777272,3
64,rcb,0.5,0.6,1.6,62,16784184,99,16784184,16777272,3
64,rcb,0.5,0.6,1.6,63,16784184,99,16784184,16777272,3
64,rcb,0.05,0.92,1.08,0,16784184,99,16784184,16777272,3
64,rcb,0.05,0.92,1.08,1,16784184,99,16784184,16777272,3
64,rcb,0.05,0.92,1.08,2,16784184,99,16784184,16777272,3
64,rcb,0.05,0.92,1.08,3,16784184,99,16784184,16777272,3
64,rcb,0.05,0.92,1.08,4,16784184,99,16784184,16777272,3
64,rcb,0.05,0.92,1.08,5,16784184,99,16784184,16777272,3
64,rcb,0.05,0.92,1.08,6,16784184,99,16784184,16777272,3
64,rcb,0.05,0.92,1.08,7,16784184,99,16784184,16777272,3
64,rcb,0.05,0.92,1.08,8,16784184,99,16784184,16777272,3
64,rcb,0.05,0.92,1.08,9,16784184,99,16784184,16777272,3
64,rcb,0.05,0.92,1.08,10,16784184,99,16784184,16777272,3
64,rcb,0.05,0.92,1.08,11,16784184,99,16784184,16777272,3
64,rcb,0.05,0.92,1.08,12,16784184,99,16784184,16777272,3
64,rcb,0.05,0.92,1.08,13,16784184,99,16784184,16777272,3
64,rcb,0.05,0.92,1.08,14,16784184,99,16784184,16777272,3
64,rcb,0.05,0.92,1.08,15,16784184,99,16784184,16777272,3
64,rcb,0.05,0.92,1.08,16,16784184,99,16784184,16777272,3
64,rcb,0.05,0.92,1.08,17,16784184,99,16784184,16777272,3
64,rcb,0.05,0.92,1.08,18,16784184,99,16784184,16777272,3
64,rcb,0.05,0.92,1.08,19,16784184,99,16784184,16777272,3
64,rcb,0.05,0.92,1.08,20,16784184,99,16784184,16777272,3
64,rcb,0.05,0.92,1.08,21,16784184,99,16784184,16777272,3
64,rcb,0.05,0.92,1.08,22,16784184,99,16784184,16777272,3
64,rcb,0.05,0.92,1.08,23,16784184,99,16784184,16777272,3
64,rcb,0.05,0.92,1.08,24,16784184,99,16784184,16777272,3
64,rcb,0.05,0.92,1.08,25,16784184,99,16784184,16777272,3
64,rcb,0.05,0.92,1.08,26,16784184,99,16784184,16777272,3
64,rcb,0.05,0.92,1.08,27,16784184,99,16784184,16777272,3
64,rcb,0.05,0.92,1.08,28,16784184,99,16784184,16777272,3
64,rcb,0.05,0.92,1.08,29,16784184,99,16784184,16777272,3
64,rcb,0.05,0.92,1.08,30,16784184,99,16784184,16777272,3
64,rcb,0.05,0.92,1.08,31,16784184,99,16784184,16777272,3
64,rcb,0.05,0.92,1.08,32,16784184,99,16784184,16777272,3
64,rcb,0.05,0.92,1.08,33,16784184,99,16784184,16777272,3
64,rcb,0.05,0.92,1.08,34,16784184,99,16784184,16777272,3
64,rcb,0.05,0.92,1.08,35,16784184,99,16784184,16777272,3
64,rcb,0.05,0.92,1.08,36,16784184,99,16784184,16777272,3
64,rcb,0.05,0.92,1.08,37,16784184,99,16784184,16777272,3
64,rcb,0.05,0.92,1.08,38,16784184,99,16784184,16777272,3
64,rcb,0.05,0.92,1.08,39,16784184,99,16784184,16777272,3
64,rcb,0.05,0.92,1.08,40,16784184,99,16784184,16777272,3
64,rcb,0.05,0.92,1.08,41,16784184,99,16784184,16777272,3
64,rcb,0.05,0.92,1.08,42,16784184,99,16784184,16777272,3
64,rcb,0.05,0.92,1.08,43,16784184,99,16784184,16777272,3
64,rcb,0.05,0.92,1.08,44,16784184,99,16784184,16777272,3
64,rcb,0.05,0.92,1.08,45,16784184,99,16784184,16777272,3
64,rcb,0.05,0.92,1.08,46,16784184,99,16784184,16777272,3
64,rcb,0.05,0.92,1.08,47,16784184,99,16784184,16777272,3
64,rcb,0.05,0.92,1.08,48,16784184,99,16784184,16777272,3
64,rcb,0.05,0.92,1.08,49,16784184,99,16784184,16777272,3
64,rcb,0.05,0.92,1.08,50,16784184,99,16784184,16777272,3
64,rcb,0.05,0.92,1.08,51,16784184,99,16784184,16777272,3
64,rcb,0.05,0.92,1.08,52,16784184,99,16784184,16777272,3
64,rcb,0.05,0.92,1.08,53,16784184,99,16784184,16777272,3
64,rcb,0.05,0.92,1.08,54,16784184,99,16784184,16777272,3
64,rcb,0.05,0.92,1.08,55,16784184,99,16784184,16777272,3
64,rcb,0.05,0.92,1.08,56,16784184,99,16784184,16777272,3
64,rcb,0.05,0.92,1.08,57,16784184,99,16784184,16777272,3
64,rcb,0.05,0.92,1.08,58,16784184,99,16784184,16777272,3
64,rcb,0.05,0.92,1.08,59,16784184,99,16784184,16777272,3
64,rcb,0.05,0.92,1.08,60,16784184,99,16784184,16777272,3
64,rcb,0.05,0.92,1.08,61,16784184,99,16784184,16777272,3
64,rcb,0.05,0.92,1.08,62,16784184,99,16784184,16777272,3
64,rcb,0.05,0.92,1.08,63,16784184,99,16784184,16777272,3
64,rcb,0.05,0.92,1.08,0,16784184,99,16784184,16777272,3
64,rcb,0.05,0.92,1.08,1,16784184,99,16784184,16777272,3
64,rcb,0.05,0.92,1.08,2,16784184,99,16784184,16777272,3
64,rcb,0.05,0.92,1.08,3,16784184,99,16784184,16777272,3
64,rcb,0.05,0.92,1.08,4,16784184,99,16784184,16777272,3
64,rcb,0.05,0.92,1.08,5,16784184,99,16784184,16777272,3
64,rcb,0.05,0.92,1.08,6,16784184,99,16784184,16777272,3
64,rcb,0.05,0.92,1.08,7,16784184,99,16784184,16777272,3
64,rcb,0.05,0.92,1.08,8,16784184,99,16784184,16777272,3
64,rcb,0.05,0.92,1.08,9,16784184,99,16784184,16777272,3
64,rcb,0.05,0.92,1.08,10,16784184,99,16784184,16777272,3
64,rcb,0.05,0.92,1.08,11,16784184,99,16784184,16777272,3
64,rcb,0.05,0.92,1.08,12,16784184,99,16784184,16777272,3
64,rcb,0.05,0.92,1.08,13,16784184,99,16784184,16777272,3
64,rcb,0.05,0.92,1.08,14,16784184,99,16784184,16777272,3
64,rcb,0.05,0.92,1.08,15,16784184,99,16784184,16777272,3
64,rcb,0.05,0.92,1.08,16,16784184,99,16784184,16777272,3
64,rcb,0.05,0.92,1.08,17,16784184,99,16784184,16777272,3
64,rcb,0.05,0.92,1.08,18,16784184,99,16784184,16777272,3
64,rcb,0.05,0.92,1.08,19,16784184,99,16784184,16777272,3
64,rcb,0.05,0.92,1.08,20,16784184,99,16784184,16777272,3
64,rcb,0.05,0.92,1.08,21,16784184,99,16784184,16777272,3
64,rcb,0.05,0.92,1.08,22,16784184,99,16784184,16777272,3
64,rcb,0.05,0.92,1.08,23,16784184,99,16784184,16777272,3
64,rcb,0.05,0.92,1.08,24,16784184,99,16784184,16777272,3
64,rcb,0.05,0.92,1.08,25,16784184,99,16784184,16777272,3
64,rcb,0.05,0.92,1.08,26,16784184,99,16784184,16777272,3
64,rcb,0.05,0.92,1.08,27,16784184,99,16784184,16777272,3
64,rcb,0.05,0.92,1.08,28,16784184,99,16784184,16777272,3
64,rcb,0.05,0.92,1.08,29,16784184,99,16784184,16777272,3
64,rcb,0.05,0.92,1.08,30,16784184,99,16784184,16777272,3
64,rcb,0.05,0.92,1.08,31,16784184,99,16784184,16777272,3
64,rcb,0.05,0.92,1.08,32,16784184,99,16784184,16777272,3
64,rcb,0.05,0.92,1.08,33,16784184,99,16784184,16777272,3
64,rcb,0.05,0.92,1.08,34,16784184,99,16784184,16777272,3
64,rcb,0.05,0.92,1.08,35,16784184,99,16784184,16777272,3
64,rcb,0.05,0.92,1.08,36,16784184,99,16784184,16777272,3
64,rcb,0.05,0.92,1.08,37,16784184,99,16784184,16777272,3
64,rcb,0.05,0.92,1.08,38,16784184,99,16784184,16777272,3
64,rcb,0.05,0.92,1.08,39,16784184,99,16784184,16777272,3
64,rcb,0.05,0.92,1.08,40,16784184,99,16784184,16777272,3
64,rcb,0.05,0.92,1.08,41,16784184,99,16784184,16777272,3
64,rcb,0.05,0.92,1.08,42,16784184,99,16784184,16777272,3
64,rcb,0.05,0.92,1.08,43,16784184,99,16784184,16777272,3
64,rcb,0.05,0.92,1.08,44,16784184,99,16784184,16777272,3
64,rcb,0.05,0.92,1.08,45,16784184,99,16784184,16777272,3
64,rcb,0.05,0.92,1.08,46,16784184,99,16784184,16777272,3
64,rcb,0.05,0.92,1.08,47,16784184,99,16784184,16777272,3
64,rcb,0.05,0.92,1.08,48,16784184,99,16784184,16777272,3
64,rcb,0.05,0.92,1.08,49,16784184,99,16784184,16777272,3
64,rcb,0.05,0.92,1.08,50,16784184,99,16784184,16777272,3
64,rcb,0.05,0.92,1.08,51,16784184,99,16784184,16777272,3
64,rcb,0.05,0.92,1.08,52,16784184,99,16784184,16777272,3
64,rcb,0.05,0.92,1.08,53,16784184,99,16784184,16777272,3
64,rcb,0.05,0.92,1.08,54,16784184,99,16784184,16777272,3
64,rcb,0.05,0.92,1.08,55,16784184,99,16784184,16777272,3
64,rcb,0.05,0.92,1.08,56,16784184,99,16784184,16777272,3
64,rcb,0.05,0.92,1.08,57,16784184,99,16784184,16777272,3
64,rcb,0.05,0.92,1.08,58,16784184,99,16784184,16777272,3
64,rcb,0.05,0.92,1.08,59,16784184,99,16784184,16777272,3
64,rcb,0.05,0.92,1.08,60,16784184,99,16784184,16777272,3
64,rcb,0.05,0.92,1.08,61,16784184,99,16784184,16777272,3
64,rcb,0.05,0.92,1.08,62,16784184,99,16784184,16777272,3
64,rcb,0.05,0.92,1.08,63,16784184,99,16784184,16777272,3
